file_id,car,is_faulty,elev_mean,elev_load_stratified,elev_p90,elev_persistence,setpoint_error,load_sensitivity,capacity_shortfall,pulldown_rate,greybox_cool_rate,elev_trend,cusum_fraction,full_demand_frac,circuit_asym_lift,circuit_asym_high,circuit_asym_ratio,suction_excursion,lift_deficit,compressor_duty,compressor_cycling,integrity_loss,_cusum_detected,_cusum_onset_day,_cusum_peak,_greybox_r2,_greybox_ua_over_c,_integrity_events,_suction_sd,_weakest_lift
acv_case_01.xlsx,01,1,0.478886590830748,0.46310003991872406,2.0,0.4568624074392974,0.5937607721475353,0.14079513343155722,0.11425401333777199,-18.000000000000256,,0.34441376991329886,0.5427160213638358,0.0013788348845225785,,,,,,,,2.625566821886211,1.0,1.7660972222222222,28.52415184493866,0.0013107538348627878,0.024448626045884655,81.0,,
acv_case_01.xlsx,02,0,-0.061176571038251366,-0.058478552907883265,0.5,0.16152918890993628,0.06096311475409836,-0.0022144669221244614,0.026220942151486938,-24.00000000000034,,-0.13853106497685405,0.0,0.00034153005464480874,,,,,,,,0.0,0.0,,2.8277011494252875,0.0010156748583031172,-0.0681307867832151,0.0,,
acv_case_01.xlsx,03,0,0.09622609289617487,0.08976504522680359,0.5,0.2567590838643017,-0.11552254098360656,0.02349460474028138,0.0014182942270554997,-23.999999999999915,,0.015613606881172469,0.0,0.0023907103825136613,,,,,,,,0.0,0.0,,4.547664748120738,0.0018244333800433443,-0.15834616339445032,0.0,,
acv_case_01.xlsx,04,0,0.030310792349726775,0.029338406640984464,0.5,0.17513345961770277,-0.1723872950819672,0.004347969721581503,-0.013224504161839585,-23.999999999999915,,0.004022039040050357,0.0,0.00034153005464480874,,,,,,,,0.0,0.0,,1.5729142169251065,0.0014750977483432015,-0.13994035278048245,0.0,,
acv_case_01.xlsx,05,0,-0.07970457650273224,-0.07789156382709303,0.5,0.09075254003788531,-0.2619535519125683,-0.015084225541958353,-0.032473633288721486,-23.999999999999915,,0.02973034486955821,0.0,0.00034153005464480874,,,,,,,,0.0,0.0,,0.41915584415584417,0.0016118069423999293,-0.1448092436019127,0.0,,
acv_case_01.xlsx,06,0,-0.08397370218579235,-0.08270415726329097,0.5,0.06216635095574307,-0.26366120218579236,-0.0071679137961843465,-0.03149576443019316,-23.999999999999915,,0.025727034252637764,0.0,0.00034153005464480874,,,,,,,,0.0,0.0,,0.5409090909090909,0.0019600915800730423,-0.15952958279517856,0.0,,
acv_case_01.xlsx,07,0,-0.046704234972677595,-0.04461145152656571,0.5,0.087136214913036,-0.2341188524590164,-0.008720012968916075,-0.027974727799526693,-24.00000000000034,,0.0013727701730137853,0.0,0.00034153005464480874,,,,,,,,0.0,0.0,,1.0632807823984296,0.001730509330318819,-0.1355291436800154,0.0,,
acv_case_01.xlsx,08,0,-0.06937329234972678,-0.06577325362027107,0.5,0.14086447391079732,-0.2546960382513661,-0.010473878444308481,-0.033160411142913494,-23.999999999999915,,0.003824529003239645,0.0,0.00034153005464480874,,,,,,,,0.0,0.0,,1.6452380952380952,0.0012058546257237568,-0.0594181154555145,0.0,,
acv_case_02.xlsx,01,0,-0.06886985888312629,-0.06686115075470275,0.5,0.1852537977028529,0.16867687854299843,0.027695633977153345,0.008539550499284199,-18.000000000000256,,0.006859056826826631,0.0,0.0,,,,,,,,0.0,0.0,,3.2904761904761908,0.0008022887247355337,-0.16196563083868315,0.0,,
acv_case_02.xlsx,02,1,0.2540498065764023,0.25410298579395063,1.0,0.4904285537853526,0.47751450676982593,0.03484037784016972,0.04266438384236844,-23.999999999999915,,0.1433718617473802,0.42459243325454854,0.0,,,,,,,,2.4525548391389433,1.0,2.239236111111111,33.55066550320498,0.0013688760219509044,-0.22602569782524654,89.0,,
acv_case_02.xlsx,03,0,0.1664053075995175,0.16693622957798024,0.5,0.3827343460540941,0.37225572979493365,0.017317112154170672,0.030525929305428568,-23.999999999999915,,-0.008169709371698896,0.09571789229638135,0.0,,,,,,,,0.11270641040338653,1.0,3.515451388888889,7.328655927774512,0.002580312368581361,-0.3003103898360944,1.0,,
acv_case_02.xlsx,04,0,-0.03841978287092883,-0.03923623499201,0.5,0.12844263307397802,0.1683956574185766,-0.003840656658212645,0.00854042791359728,-18.000000000000256,,-0.032247725238152614,0.0,0.0,,,,,,,,0.11270641040338653,0.0,,0.949263882669055,0.0018449489567620159,-0.24490753983207958,1.0,,
acv_case_02.xlsx,05,0,-0.1526956941261609,-0.1563015145407889,0.5,0.06310979375077189,0.08316246532384514,-0.028013684141227232,0.00014347494548471956,-18.000000000000256,,-0.0338356743094078,0.0,0.0,,,,,,,,0.0,0.0,,1.2187100893997447,0.002181342238268935,-0.28898356173556383,0.0,,
acv_case_02.xlsx,06,0,-0.02421592279855247,-0.024437826585915222,0.5,0.10645918241323947,0.19010856453558503,-0.01604256664512818,0.01179655010821582,-18.000000000000256,,0.0056186771471186305,0.0,0.0,,,,,,,,0.11270641040338653,0.0,,0.6938952745849296,0.002657510912400962,-0.3357926228253405,1.0,,
acv_case_02.xlsx,07,0,0.0091978287092883,0.006116405479046146,0.5,0.18031369643077683,0.218335343787696,-0.026325840730294887,0.015324177481972323,-18.000000000000256,,-0.01908023635876729,0.0,0.0,,,,,,,,0.11270641040338653,0.0,,3.162835249042146,0.002352647996432977,-0.2965931064835224,1.0,,
acv_case_02.xlsx,08,0,-0.0183331323121457,-0.015316320255905477,0.5,0.19241694454736322,0.2146303220359426,0.03548999035117529,0.013127682938193275,-17.99999999999983,,0.02569206669875416,0.0,0.0,,,,,,,,0.0,0.0,,3.5624480883101577,0.0013839434667194395,-0.18961124916360683,0.0,,
acv_case_03.xlsx,01,0,-0.00837870538415003,-0.007584538710398356,0.5,0.2812105926860025,0.394010889292196,0.015324291842078376,0.040265826734657305,-17.99999999999983,,-0.014209704590731316,0.9315175814553667,0.0,,,,,,,,0.0,1.0,0.2654513888888889,7.810164835164829,0.0014594264692890935,-0.18566086326334258,0.0,,
acv_case_03.xlsx,02,0,0.09790677862967019,0.09988511630876731,0.5,0.2647805125602639,0.4928806133625411,0.02854182879881208,0.05385046879518777,-18.000000000000256,,0.008355707526961664,0.6221322207854523,0.0,,,,,,,,0.0,1.0,1.4309640522875817,11.479908462906929,0.000724549319100376,-0.11533956927443634,0.0,,
acv_case_03.xlsx,03,1,0.6256998539435248,0.6449140628709211,1.5,0.6947475260086272,0.9430379746835443,0.15102749107671803,0.10875664147368794,-18.000000000000256,,-0.17023616853131515,0.9536384165168902,0.0,,,,,,,,0.21565468916151173,1.0,0.18211805555555557,102.45578610718864,0.00039650969320936813,-0.057429849557413794,2.0,,
acv_case_03.xlsx,04,0,0.13056496491652553,0.12809293726396442,1.0,0.30416141235813365,0.31042826034357607,-0.011045617231613169,0.028828448986413784,-18.000000000000256,,0.1996590930828359,0.10193359799332424,0.0,,,,,,,,0.0,1.0,3.3906498015873017,28.650861058814602,0.0029874633926779692,-0.2813759412776648,0.0,,
acv_case_03.xlsx,05,0,-0.15978103072828453,-0.16168994901003358,0.5,0.04791929382093316,0.2265908541011372,-0.019014250992888008,0.021182685017342738,-18.000000000000256,,-0.007373463546973999,0.0,0.0,,,,,,,,0.0,0.0,,1.4041666666666668,0.0022806433970649076,-0.24877077919349394,0.0,,
acv_case_03.xlsx,06,0,-0.18003163786809442,-0.18248945601287958,0.5,0.05645775183963461,0.21738865904112922,-0.028957291687965316,0.020130769104225052,-18.000000000000256,,-0.03613071135032941,0.0,0.0,,,,,,,,0.0,0.0,,0.9776923076923077,0.0013466591797366423,-0.17875789502622727,0.0,,
acv_case_03.xlsx,07,0,-0.04934290581650037,-0.050644771925167,0.5,0.16569398629789395,0.32684351423704067,-0.014123570901219896,0.0337985541058232,-18.000000000000256,,-0.04547282642028021,0.0,0.0,,,,,,,,0.0,0.0,,2.1086206896551727,0.0012738147943167633,-0.13828041189723383,0.0,,
acv_case_03.xlsx,08,0,-0.03188807663221578,-0.0318866566020033,0.5,0.27284646650059,0.28327451474665993,-0.006828927102952885,0.025576027435066272,-18.000000000000256,,0.059697727752193265,0.0,0.0,,,,,,,,0.0,0.0,,4.154347826086957,0.003112233612474702,0.03724972567856501,0.0,,
acv_case_04.xlsx,01,1,0.22421699678017368,0.24099872402451275,1.0,0.4139856169568509,-0.07459196102314251,0.0715390101202605,-0.015851439690114506,-12.000000000000597,,-0.20298645095193205,0.7158670095249773,0.36311814859926916,0.07894736842105263,0.010471204188481676,1.4561403508771935,0.24390243902439024,0.05762951339293837,0.6815590742996346,3.4436358643416174,0.0,1.0,1.0156342066498316,41.45053508905541,0.009937732537103394,0.32905280621054867,0.0,101.48009379430646,1395.5239500872133
acv_case_04.xlsx,02,0,-0.06301667532712929,-0.053114995426454724,1.0,0.22669232935874567,-0.17820706593614208,0.07766704373199652,-0.029158001996763643,-23.999999999999915,,-0.240269605223603,0.6689383686367563,0.7330436425467599,0.013071895424836602,0.010050251256281407,0.05383022774327095,0.13043478260869565,0.018646481584182695,0.8665218212733798,1.2192777701496635,0.0,1.0,1.1822337962962963,18.008676654182274,0.01156500492903545,0.4189428002836648,0.0,107.28216394409365,1453.2525773195875
acv_case_04.xlsx,03,0,-0.4283819000236911,-0.4528750708425756,0.0,0.08840532029891432,-0.17454752203164978,-0.09945754954973718,-0.03076674935179793,-23.999999999999915,,0.298287122577886,0.014617334010405702,0.6318108594712404,0.025,0.019230769230769232,0.06602254428341414,0.125,-0.018646481584182695,0.8159054297356202,1.2192777701496635,0.0,1.0,3.5051149515993263,10.909342799113046,0.008520378479801693,0.31612900169290825,0.0,79.10759305928754,1508.4784401949755
acv_case_04.xlsx,04,0,0.3234321873819418,0.32372436315640474,2.0,0.4247505737973676,0.20758633704472543,-0.016627550035564678,0.016072129658155826,-12.000000000000597,,0.2619009024896897,0.6043948102317429,0.9389035667107001,0.046511627906976744,0.04784688995215311,0.34999999999999964,0.1111111111111111,-0.09466809696351088,0.9694517833553501,0.8076183499679517,0.0,1.0,1.4114024136496048,39.05708709274449,0.008272460314059149,0.28133976528908533,0.0,108.00593630915299,1621.0562283302347
acv_case_05.xlsx,01,0,0.009980682549903412,0.006924613616449313,0.5,0.16727635517126704,-0.9183837733419189,-0.01949500545716049,-0.06956437906707004,-18.000000000000256,,-0.01734608568448219,0.0,0.00016097875080489375,,,,,,,,0.0,0.0,,3.787563262019784,0.00021417407225166052,-0.002773715414695932,0.0,,
acv_case_05.xlsx,02,0,0.18485433767906004,0.17958291948032337,0.5,0.34270036581310276,-0.7576854981490423,-0.032607681797170315,-0.0428178534414368,-23.999999999999915,,-0.04730771210436728,0.7067728712502329,0.00016095284081764043,,,,,,,,0.0,1.0,1.0986111111111112,22.06076708200241,4.297683388054807e-06,0.0043637238074254675,0.0,,
acv_case_05.xlsx,03,0,-0.04474488974730404,-0.04447483427562334,0.5,0.06767542401064183,-0.9642684693384839,-0.0021243085173002513,-0.06645530604466576,-20.857142857142797,,-0.0035259853076383867,0.0,0.00016095284081764043,,,,,,,,0.0,0.0,,1.9482142857142861,3.567386982050724e-05,-0.00898977521823436,0.0,,
acv_case_05.xlsx,04,1,0.20502901353965183,0.2087475127850361,0.5,0.41070834718989024,-0.7368251410153103,0.011221318412848607,0.007519423239979493,-18.000000000000256,,0.07137322454190893,0.6781486220578273,0.0,,,,,,,,0.0,1.0,1.2049479166666668,23.301237706343283,0.00013173472436223133,-0.013057771877155407,0.0,,
acv_case_05.xlsx,05,0,-0.3762878300064392,-0.3633427630620395,0.0,0.006651147322913203,-1.2673857050869286,0.06392131081283425,-0.08719561437632228,-18.000000000000256,,0.06516792865792219,0.0,0.0,,,,,,,,0.0,0.0,,0.33913043478260874,4.7633318525086565e-05,0.0032421977081967665,0.0,,
acv_case_05.xlsx,06,0,-0.017221953967487526,-0.012766330109820987,0.5,0.07532424343199202,-0.9298245614035088,0.01694444433461325,-0.04860431081469825,-23.999999999999915,,0.04416441834220105,0.0,0.00016095284081764043,,,,,,,,0.0,0.0,,0.7,3.612011298015361e-05,0.0007534718894531736,0.0,,
acv_case_05.xlsx,07,0,0.014405279253178818,0.019039720319320913,0.5,0.1265380778184237,-0.8990020923869306,0.015544237507125996,-0.05443436877989236,-18.000000000000256,,0.02007789486721224,0.0,0.00016095284081764043,,,,,,,,0.0,0.0,,1.5275742775742778,8.519865885814326e-05,-0.003815994275027591,0.0,,
acv_case_05.xlsx,08,0,-0.195620672999517,-0.1939974801284863,0.0,0.02810109743930828,-1.0885525680244728,0.012751172712597007,-0.09292151867019599,-17.99999999999983,,0.03668442168384973,0.0,0.0,,,,,,,,0.0,0.0,,1.324712643678161,0.000255487139934063,-0.04198002128588842,0.0,,
acv_case_06.xlsx,01,0,-0.2383478590375142,-0.25090609255238744,0.5,0.014504431909750202,0.7570888468809074,-0.033730332605311976,0.04958904921932113,-53.999999999999915,23.715480469773343,0.28043659093200096,0.0,0.00831758034026465,,,,,,,,0.0,0.0,,1.1944444444444446,0.1116432906617002,2.3233185417512883,0.0,,
acv_case_06.xlsx,02,0,-0.002655538694992413,-0.0008986537469634473,0.5,0.0531829170024174,0.9685128983308042,0.005415415865448693,0.06410431475015593,-42.00000000000017,21.295567615096278,0.06811686243436386,0.0,0.005690440060698027,,,,,,,,0.0,0.0,,1.9303921568627453,0.13580461499648844,2.1955786228099456,0.0,,
acv_case_06.xlsx,03,0,-0.032423208191126277,-0.021536556055520885,0.5,0.05962933118452861,0.9489950701554797,0.00820579567812544,0.06272609508749041,-41.999999999999744,19.915860458019885,0.010368369213914024,0.0,0.005688282138794084,,,,,,,,0.0,0.0,,1.6611111111111114,0.1368960204048436,2.034355693640721,0.0,,
acv_case_06.xlsx,04,0,0.046229632436528986,0.04178563266728051,0.5,0.17647058823529413,1.0070102311481621,0.021848669366006476,0.0666773936257695,-41.999999999999744,19.151851754139,-0.07497100520262082,0.0,0.005683971201212581,,,,,,,,0.0,0.0,,1.8218954248366017,0.1413203222248669,1.9856447864643465,0.0,,
acv_case_06.xlsx,05,0,-0.02333080424886191,-0.02114788901632087,0.5,0.06647864625302176,0.9442336874051593,0.0213128747000875,0.06224722357481987,-36.000000000000085,18.878764316520552,-0.022951703338027794,0.0,0.005690440060698027,,,,,,,,0.0,0.0,,1.4805194805194806,0.13067173572015578,1.9486482318188798,0.0,,
acv_case_06.xlsx,06,1,1.3627748294162245,1.3581291366268706,2.0,1.0,2.278241091736164,0.043157627940020774,0.15890048506011129,-30.0,14.822706669358094,-0.09804852232975113,0.8256687844947678,0.005686125852918878,,,,,,,,0.0,1.0,0.4634458812260536,92.14778638044659,0.1436663113045077,1.800789363492843,0.0,,
acv_case_06.xlsx,07,0,-0.3092529389457717,-0.30339367345347695,0.0,0.0032232070910556,0.6903678422449754,-0.03740884698485157,0.04490584176664807,-42.00000000000017,18.652299575786017,0.33877541602892564,0.0,0.005688282138794084,,,,,,,,0.0,0.0,,0.05000000000000002,0.10799648998237799,2.01635342137048,0.0,,
acv_case_06.xlsx,08,0,0.12296324365289883,0.10821281059384176,0.5,0.27195809830781625,1.0820386510041682,-0.003602735463369567,0.0727224627785884,-41.999999999999744,19.600222074660675,-0.04726433321049145,0.6090622479653933,0.0060629026146267525,,,,,,,,0.0,1.0,1.0333333333333334,12.376289872511975,0.12461658734094039,1.980524479762427,0.0,,
