length,mean,std,var,min,max,p2p,abs_peak,rms,mad,crest_factor,kurtosis,skewness,form_factor,impulse_factor,margin_factor,p1,p5,p10,p25,p50,p75,p90,p95,p99,iqr,zero_crossing_rate,mean_crossing_rate,basquin_moment_2.0,raw_moment_2.0,basquin_moment_2.5,raw_moment_2.5,basquin_moment_3.0,raw_moment_3.0,basquin_moment_3.3,raw_moment_3.3,basquin_moment_3.5,raw_moment_3.5,basquin_moment_4.0,raw_moment_4.0,basquin_moment_4.5,raw_moment_4.5,basquin_moment_5.0,raw_moment_5.0,basquin_moment_6.0,raw_moment_6.0,n_peaks,n_valleys,peak_mean,peak_std,peak_max,valley_mean,valley_std,valley_min,rf_total_cycles,rf_max_range,rf_mean_range,rf_rms_range,rf_damage_proxy_m2.0,rf_damage_proxy_m3.0,rf_damage_proxy_m3.3,rf_damage_proxy_m3.5,rf_damage_proxy_m4.0,rf_damage_proxy_m4.5,rf_damage_proxy_m5.0,psd_total_energy,psd_peak_freq,psd_mean_freq,psd_energy_0_10Hz,psd_energy_10_30Hz,psd_energy_30_60Hz,psd_energy_60_100Hz,psd_energy_100_128Hz,filename,damage
581120,5.935076713562012,8.631420135498047,74.50141143798828,-19.343730926513672,39.39125061035156,58.734981536865234,39.39125061035156,10.475044250488281,6.718461990356445,3.760485365826653,0.014209818648540207,-0.3043316227331203,1.20011712851563,4.513022899061363,5.147970367247759,-15.473142623901367,-10.280572891235352,-5.733823299407959,1.1274768114089966,5.877941131591797,12.123761177062988,16.622833251953125,19.72190284729004,23.692182540893555,10.996284365653992,0.01912685848017621,0.040010669052863435,74.50141143798828,109.72654724121094,272.59295654296875,420.7742614746094,1041.3553466796875,1675.7437744140625,2366.924560546875,3899.215087890625,4116.6689453125,6886.26025390625,16730.251953125,29070.984375,69552.484375,125689.8828125,294670.875,555330.5625,5537993.5,11499642.0,179167,179168,6.38826322555542,8.642341613769531,39.39125061035156,5.325061321258545,8.77227783203125,-19.343730926513672,199049.0,29.738080978393555,0.7295581102371216,1.070011854171753,56974.06640625,86085.859375,113847.3359375,142943.734375,288451.71875,682305.625,1814965.5,51.4839973449707,0.125,4.34091868987542,47.68707275390625,1.6979166269302368,0.6098510026931763,1.075993537902832,0.412335604429245,train01.csv,0.103662995
581120,-7.732025146484375,10.753981590270996,115.64812469482422,-37.65080642700195,25.297182083129883,62.947988510131836,37.65080642700195,13.245088577270508,7.348433017730713,2.842623981511948,0.74329086632252,0.17938235419398044,1.222454857306913,3.4749794936966594,3.9433998787361153,-29.84023666381836,-27.880155563354492,-25.715986251831055,-11.272601127624512,-8.015716552734375,-3.8021774291992188,5.105355739593506,12.580031394958496,21.15167236328125,7.470423698425293,0.007951886013215859,0.033268515969163,115.64812469482422,175.432373046875,505.682861328125,782.95703125,2287.322998046875,3665.493896484375,5725.91455078125,9416.4609375,10600.78515625,17764.048828125,50064.6015625,88222.453125,240109.046875,445776.5625,1166671.5,2280415.25,28456134.0,61178252.0,165817,165818,-7.365260124206543,10.87256908416748,25.297182083129883,-8.051000595092773,10.859366416931152,-37.65080642700195,197159.0,25.84672737121582,0.410794198513031,0.7108719944953918,24908.03515625,43963.8515625,64472.734375,86960.1328125,207088.34375,556602.5,1614497.0,32.083370208740234,0.125,3.421605312062335,29.599973678588867,1.660273790359497,0.33647507429122925,0.29817426204681396,0.188088521361351,train02.csv,0.149208849
581120,1.9267832040786743,9.019781112670898,81.35645294189453,-28.079456329345703,29.944936752319336,58.02439308166504,29.944936752319336,9.223281860351562,6.340574741363525,3.2466682907134623,0.6611403725747063,-0.1916006602504585,1.359725010076849,4.4145760743070275,5.5058546592872375,-22.896507263183594,-14.86484432220459,-8.776259422302246,-2.594133138656616,1.9638029336929321,5.956248760223389,15.420768737792969,18.46506118774414,21.3732967376709,8.550381898880005,0.021935228524229074,0.08404460352422907,81.35645294189453,85.06893157958984,321.5506286621094,335.81951904296875,1321.672119140625,1378.708984375,3131.67529296875,3260.430908203125,5594.5234375,5812.6171875,24232.623046875,24975.0,106939.015625,108849.7578125,479299.3125,479752.0,9997767.0,9565700.0,173099,173098,2.381016731262207,8.997480392456055,29.944936752319336,1.5077012777328491,8.985386848449707,-28.079456329345703,196218.5,28.100187301635742,0.5746000409126282,0.8982923030853271,39583.6015625,63740.73046875,87095.59375,111340.9140625,229823.40625,538555.1875,1389750.625,39.84797668457031,0.125,3.980451524251831,36.14152526855469,2.36860990524292,0.5481839179992676,0.46143701672554016,0.32750648260116577,train03.csv,0.111297606
581120,-2.477905035018921,6.969852447509766,48.57884216308594,-54.09785079956055,38.489471435546875,92.58732223510742,54.09785079956055,7.397218704223633,5.345893859863281,7.313269076208964,0.2064072479155432,0.11237901450817883,1.2585392431835296,9.204036128370785,10.868889209968275,-18.591022491455078,-14.313704490661621,-11.146109580993652,-6.839029788970947,-2.5957276821136475,1.4945098161697388,7.0516204833984375,9.751516342163086,14.016077995300293,8.333539605140686,0.03036722191629956,0.04228558645374449,48.57884216308594,54.71884536743164,161.63243103027344,184.09190368652344,562.46875,649.1561279296875,1210.19677734375,1409.3125,2030.5418701171875,2379.682861328125,7566.81298828125,9017.0224609375,29027.771484375,35181.51171875,114521.609375,141030.703125,1945814.5,2455737.25,171863,171863,-2.0008649826049805,6.921385765075684,38.489471435546875,-3.097769260406494,6.892965316772461,-54.09785079956055,188093.5,54.44862365722656,0.754761815071106,1.2758196592330933,76540.6875,259319.640625,452146.84375,679084.4375,2080629.75,7167892.0,27032632.0,107.8671646118164,0.125,3.0600243390294106,101.34974670410156,4.640511512756348,0.6657798290252686,0.7921704649925232,0.4181782007217407,train04.csv,0.894736481
581120,3.0745980739593506,8.83038330078125,77.97566986083984,-19.36431884765625,29.429405212402344,48.793724060058594,29.429405212402344,9.350337028503418,6.329578876495361,3.1474165180021925,0.26077932191027564,0.07648322384884627,1.30502027169106,4.107442359448591,5.0023668972179784,-15.563204765319824,-13.17794132232666,-10.580087661743164,-0.3800051510334015,2.978921413421631,7.855742931365967,13.825279235839844,20.105195999145508,24.65888023376465,8.235748082399368,0.0280664922907489,0.03323237885462555,77.97566986083984,87.42880249023438,299.0227966308594,338.9040832519531,1184.449951171875,1374.9849853515625,2736.92431640625,3242.0283203125,4802.841796875,5779.171875,19826.20703125,24985.935546875,83012.7890625,110535.765625,351644.0625,498308.125,6488807.5,10580933.0,176329,176329,3.440829277038574,8.767675399780273,29.429405212402344,2.832165002822876,8.784682273864746,-19.36431884765625,209921.0,23.202106475830078,0.3616980016231537,0.5593899488449097,16421.966796875,17488.77734375,22934.40625,29206.77734375,63064.9140625,159385.71875,441094.6875,26.821298599243164,0.125,2.8201567208196163,25.365192413330078,0.7726831436157227,0.24588730931282043,0.25182661414146423,0.1853182315826416,train05.csv,0.054740135
581120,-6.897783279418945,10.940569877624512,119.69607543945312,-44.11301803588867,40.774288177490234,84.8873062133789,44.11301803588867,12.933505058288574,7.635540962219238,3.4107550766074013,0.6637666385140109,0.08075377397828884,1.2500387590681645,4.263576043448088,4.900750039495796,-31.306577682495117,-27.394916534423828,-24.2315731048584,-10.991449356079102,-6.531305313110352,-2.9597883224487305,6.270882606506348,13.528716087341309,21.687931060791016,8.031661033630371,0.010149366740088105,0.03662410517621145,119.69607543945312,167.27554321289062,524.2000122070312,750.8387451171875,2378.68408203125,3536.038818359375,5968.64306640625,9113.9560546875,11068.4462890625,17229.5703125,52491.3359375,86007.765625,252722.6875,436931.90625,1231972.125,2248942.0,30171818.0,61298440.0,164690,164689,-6.343239784240723,11.074219703674316,40.774288177490234,-7.203335762023926,11.091263771057129,-44.11301803588867,189020.5,43.35141372680664,0.5446718335151672,0.9919052124023438,46493.1796875,137103.265625,232120.671875,343009.1875,1016544.5625,3390138.75,12264749.0,52.980140686035156,0.125,3.7874155063579784,48.8793830871582,2.879261016845703,0.5605529546737671,0.40035808086395264,0.2599233388900757,train06.csv,0.467359393
581120,-0.013323228806257248,7.273799896240234,52.908164978027344,-24.62008285522461,21.027305603027344,45.64738845825195,24.62008285522461,7.273812770843506,5.240907669067383,3.3847561974524347,0.5945541180686011,0.12964201947990367,1.386932767684291,4.694429280869908,5.958251987010976,-18.4804744720459,-13.599401473999023,-7.298224925994873,-3.2717647552490234,-1.09909188747406,3.1399588584899902,12.043240547180176,14.207409858703613,15.950651168823242,6.411723613739014,0.01607757433920705,0.01622212279735683,52.908164978027344,52.90835189819336,187.56240844726562,187.52801513671875,690.9950561523438,690.803955078125,1530.7911376953125,1530.3372802734375,2612.516845703125,2611.74072265625,10062.1416015625,10059.5361328125,39301.66796875,39294.98828125,155231.921875,155226.375,2487026.25,2487897.5,177914,177913,0.3982149064540863,7.2908196449279785,21.027305603027344,-0.33843106031417847,7.2768025398254395,-24.62008285522461,212096.0,22.458040237426758,0.43802353739738464,0.654514729976654,22714.92578125,23747.1015625,30373.84375,38103.27734375,80248.3828125,200421.9375,548942.875,20.32251739501953,0.125,4.9640601348687765,18.35287094116211,0.9670107364654541,0.36526986956596375,0.37253516912460327,0.2642849385738373,train07.csv,0.028737481
581120,1.3630160093307495,8.907249450683594,79.33909606933594,-25.75804901123047,28.776933670043945,54.534982681274414,28.776933670043945,9.010933876037598,6.4711503982543945,3.1935573011545513,0.6894703456493128,-0.22915225146503176,1.3114293320273551,4.188124718244661,4.96979916581585,-19.6726016998291,-16.785913467407227,-12.243497848510742,-2.95495343208313,3.2648608684539795,4.690866947174072,10.667956352233887,18.292104721069336,22.717493057250977,7.645820379257202,0.022604625550660794,0.014334388766519823,79.33909606933594,81.1969223022461,312.8987121582031,315.3893127441406,1284.8204345703125,1284.77587890625,3037.92724609375,3032.287353515625,5414.20751953125,5402.9951171875,23224.080078125,23229.00390625,100923.6640625,101497.984375,443043.90625,449116.625,8742643.0,9058043.0,178412,178412,1.8005743026733398,8.876655578613281,28.776933670043945,0.8930873274803162,8.878944396972656,-25.75804901123047,206506.5,19.41362190246582,0.5729395747184753,0.8703861236572266,39110.88671875,49705.671875,61503.07421875,73415.0625,127698.2421875,253571.796875,556459.6875,31.218603134155273,0.125,5.284071933302444,28.456886291503906,1.1657531261444092,0.5398427844047546,0.6860518455505371,0.3691411018371582,train08.csv,0.078418334
581120,3.9683637619018555,2.884122133255005,8.318160057067871,-15.130051612854004,31.197628021240234,46.32767963409424,31.197628021240234,4.905718803405762,2.2833876609802246,6.3594407407891245,1.0967668178947694,-0.1703477315569523,1.157811824762043,7.363035688560636,8.215687302935475,-3.497110605239868,-0.792961835861206,0.2997523248195648,2.1322805881500244,4.092363357543945,5.954654216766357,7.234447956085205,8.225118637084961,10.7039213180542,3.822373628616333,0.02516863986784141,0.061078606828193834,8.318160057067871,24.066076278686523,18.048812866210938,61.221343994140625,42.228912353515625,161.5623321533203,72.74119567871094,294.1755676269531,105.93389129638672,441.78466796875,283.4626159667969,1252.5506591796875,805.3469848632812,3688.938720703125,2419.63720703125,11314.814453125,25506.953125,121559.75,179332,179333,4.373524188995361,2.8151016235351562,31.197628021240234,3.5515782833099365,2.8254661560058594,-15.130051612854004,204134.0,29.924211502075195,0.5251114964485168,0.8134164810180664,33766.12890625,53474.4453125,75168.0546875,98490.3515625,218182.203125,548731.0625,1509488.875,36.63698959350586,0.125,4.056917142111514,33.10303497314453,2.3316805362701416,0.363921195268631,0.5392739176750183,0.29855281114578247,train09.csv,0.033628754
581120,-3.1447126865386963,15.500435829162598,240.26351928710938,-51.5286979675293,36.99814987182617,88.52684783935547,51.5286979675293,15.816219329833984,10.582530975341797,3.2579655664187674,0.8941131268078748,-0.0834847280788866,1.3669353060644165,4.45342815868025,5.468642865835262,-42.553138732910156,-35.3718376159668,-20.45224952697754,-7.926429748535156,-3.7724146842956543,3.736274480819702,19.39567756652832,28.00132942199707,31.27947235107422,11.662704229354858,0.013627133810572687,0.056907351321585906,240.26351928710938,250.1527862548828,1272.8642578125,1319.681640625,6991.03173828125,7295.8447265625,19659.33203125,20679.662109375,39317.296875,41634.58203125,224793.75,243058.671875,1301010.875,1443742.75,7602013.5,8695529.0,265476672.0,326030016.0,169654,169653,-2.7793631553649902,15.541705131530762,36.99814987182617,-3.615954637527466,15.542842864990234,-51.5286979675293,196982.0,29.303447723388672,0.5269118547439575,0.8687159419059753,37163.97265625,71989.453125,106313.625,143417.625,339023.75,905758.375,2640012.75,53.89194869995117,0.125,2.846272729234968,50.812339782714844,1.8484631776809692,0.5527979135513306,0.4084257483482361,0.2692679762840271,train10.csv,0.716510036
581120,7.935477256774902,4.631802082061768,21.453588485717773,-13.069519996643066,32.47157287597656,45.54109287261963,32.47157287597656,9.188329696655273,3.8355894088745117,3.5340017117358444,-0.3560721112632783,-0.18456038424853097,1.1339772572793136,4.007477568295049,4.415150614284004,-2.771646022796631,0.1578482985496521,1.87982976436615,4.600985527038574,7.955660820007324,11.761026382446289,13.733863830566406,14.809572219848633,16.854690551757812,7.160040855407715,0.014788683920704846,0.04296875,21.453588485717773,84.42540740966797,55.17290496826172,286.4180908203125,148.52503967285156,995.0278930664062,274.5625305175781,2120.93798828125,416.8979187011719,3525.54345703125,1216.8848876953125,12706.02734375,3685.838134765625,46497.23046875,11562.6552734375,172587.71875,125452.859375,2476552.0,183360,183361,8.39103889465332,4.601206302642822,32.47157287597656,7.480289459228516,4.635374069213867,-13.069519996643066,203053.5,29.056840896606445,0.6238494515419006,0.8915420770645142,40349.1328125,54181.48046875,72654.7109375,93138.625,202310.390625,516624.34375,1462742.125,53.9791259765625,0.125,3.2021466855120977,51.322601318359375,1.1146985292434692,0.4610429108142853,0.6999987363815308,0.3800656497478485,train11.csv,0.056409053
581120,-1.544762372970581,4.242998123168945,18.003032684326172,-36.81266784667969,21.858003616333008,58.670671463012695,36.81266784667969,4.515453338623047,2.980931043624878,8.15259622589684,2.048801035254588,-1.404095516009738,1.583119044396312,12.906530346493643,17.922502409568363,-14.018735885620117,-11.850314140319824,-8.470129013061523,-2.2837512493133545,-0.5107482075691223,0.7775490283966064,2.414494276046753,3.409416913986206,5.692636966705322,3.061300277709961,0.11117325165198239,0.07001135737885462,18.003032684326172,20.389320373535156,51.41471481323242,63.942626953125,156.26376342773438,211.77560424804688,311.3857421875,442.3564453125,496.9242248535156,727.1190795898438,1636.36279296875,2562.55078125,5547.31787109375,9222.99609375,19305.66015625,33823.1171875,252737.75,480775.9375,173377,173376,-0.9655194282531738,4.006033897399902,21.858003616333008,-1.8081624507904053,4.082724094390869,-36.81266784667969,200579.5,38.46183776855469,0.5197770595550537,0.806359589099884,32604.98828125,50381.8125,72277.265625,97324.953125,242273.8125,723236.875,2438566.25,24.375473022460938,0.125,5.935983104005405,20.872310638427734,2.2691941261291504,0.4515365660190582,0.4707755446434021,0.31099408864974976,train12.csv,0.054978382
581120,0.020318880677223206,2.9187886714935303,8.519327163696289,-21.76871681213379,19.656631469726562,41.42534828186035,21.76871681213379,2.9188590049743652,2.034332513809204,7.457954212597368,0.8448259678341565,-0.1136453806951328,1.4332842131160213,10.689368035061598,14.23587052151498,-7.219035625457764,-5.696888446807861,-3.8431010246276855,-1.126197099685669,0.18335913121700287,1.0422239303588867,4.209819316864014,5.527879238128662,6.722636699676514,2.1684210300445557,0.18531628579295154,0.18531628579295154,8.519327163696289,8.51973819732666,19.378475189208984,19.375076293945312,45.812808990478516,45.79721450805664,77.89405822753906,77.85951232910156,111.56980895996094,111.51185607910156,279.05340576171875,278.84478759765625,717.5942993164062,716.852783203125,1905.972900390625,1903.3583984375,15315.208984375,15282.7314453125,180887,180886,0.4637826085090637,2.881417751312256,19.656631469726562,-0.4068271815776825,2.869323492050171,-21.76871681213379,207003.5,21.52689552307129,0.49726390838623047,0.7354837656021118,27993.9296875,32337.755859375,41468.0234375,51682.79296875,105394.6796875,254226.1875,677909.5625,8.8243989944458,0.125,17.3538247101632,4.7693023681640625,2.6478114128112793,0.4710962772369385,0.5204594135284424,0.41470927000045776,train13.csv,0.028620288
581120,-2.909583806991577,2.9012343883514404,8.417160987854004,-20.387941360473633,18.265228271484375,38.65316963195801,20.387941360473633,4.108872890472412,2.2615253925323486,4.961930413506804,1.0960771019891924,0.35187274873875496,1.1844102487972155,5.876961235577494,6.655885000025981,-9.150418281555176,-6.845939636230469,-6.497291088104248,-4.8816046714782715,-3.0405728816986084,-1.1697781085968018,0.8880959153175354,2.1976523399353027,4.612678050994873,3.7118265628814697,0.029176417951541852,0.059342304515418505,8.417160987854004,16.882835388183594,18.37910270690918,40.17219924926758,43.135406494140625,99.6433334350586,74.37410736083984,175.13328552246094,108.36148071289062,257.0503845214844,290.2013244628906,689.405029296875,824.6160278320312,1923.56298828125,2472.5244140625,5588.619140625,25511.259765625,53290.37890625,170084,170085,-2.602132797241211,2.8388752937316895,18.265228271484375,-3.312084674835205,2.7995283603668213,-20.387941360473633,200291.5,21.182497024536133,0.42802634835243225,0.7101121544837952,25249.712890625,42971.3046875,61258.98046875,80351.2578125,173073.859375,407132.59375,1015595.875,37.104408264160156,0.125,3.227306895745074,34.1617317199707,2.1056723594665527,0.2896924614906311,0.3535952568054199,0.19330976903438568,train14.csv,0.035544524
581120,-4.097311496734619,4.974653720855713,24.74717903137207,-31.825830459594727,23.47315788269043,55.298988342285156,31.825830459594727,6.4447760581970215,3.782876491546631,4.938236825019072,0.8630446548960538,0.6021259312185661,1.1757136569086177,5.805952476224875,6.572565520436325,-13.951237678527832,-11.969897270202637,-10.3584623336792,-6.799700736999512,-4.950165271759033,-1.272352933883667,2.4182145595550537,5.785645008087158,9.365665435791016,5.527347803115845,0.028038959251101322,0.034333700440528636,24.74717903137207,41.53513717651367,71.5824966430664,122.7664794921875,219.455322265625,377.0932922363281,439.996826171875,751.7448120117188,705.765625,1198.371337890625,2365.81689453125,3925.49560546875,8234.748046875,13212.6103515625,29694.294921875,45576.96484375,426805.0,579369.625,175861,175861,-3.7319822311401367,4.981155872344971,23.47315788269043,-4.511561870574951,4.97207498550415,-31.825830459594727,204276.0,30.897872924804688,0.48476773500442505,0.7346727848052979,27564.193359375,35116.33203125,47592.3984375,61883.88671875,141860.515625,387465.84375,1176368.75,34.71436309814453,0.125,3.597416830501036,32.14569854736328,1.4821587800979614,0.38625407218933105,0.41363388299942017,0.2860041856765747,train15.csv,0.051323979
581120,-6.3956122398376465,9.942527770996094,98.85385131835938,-55.697059631347656,28.331377029418945,84.0284366607666,55.697059631347656,11.821916580200195,7.537234783172607,4.711339253114554,0.4137921402170748,-0.13966667275868386,1.2551493951604018,5.913434613942691,6.895543865351599,-30.823997497558594,-24.2719669342041,-19.90536117553711,-12.04802417755127,-5.606537342071533,-1.248436450958252,6.829995155334473,10.864958763122559,16.877012252807617,10.799587726593018,0.012353730726872247,0.015970883810572687,98.85385131835938,139.75772094726562,398.84600830078125,599.4767456054688,1685.3858642578125,2711.57666015625,4073.681884765625,6851.791015625,7384.8515625,12812.361328125,33359.86328125,62805.78125,154881.265625,317822.78125,738032.0,1654584.5,18115548.0,48416400.0,162978,162978,-5.773825645446777,9.995978355407715,28.331377029418945,-6.657668590545654,9.971212387084961,-55.697059631347656,188475.0,40.9363899230957,0.5590019226074219,0.9981762766838074,46947.04296875,145283.46875,249066.25,369171.1875,1079499.0,3460837.5,11830414.0,114.8996810913086,0.125,1.8395740254241346,110.68955993652344,3.0812039375305176,0.39517584443092346,0.5071434378623962,0.2261773645877838,train16.csv,0.61202604
581120,-6.190596580505371,10.358194351196289,107.29219818115234,-49.49580764770508,28.950016021728516,78.4458236694336,49.49580764770508,12.067131996154785,7.115796089172363,4.101704337324968,1.1948373145338786,-0.4776092143432949,1.287173447247623,5.279604911465543,6.140659578779367,-34.2360725402832,-28.228271484375,-19.40577507019043,-9.031367301940918,-5.421584129333496,-1.8245562314987183,7.895071983337402,11.819488525390625,15.641862869262695,7.2068110704422,0.012432888215859032,0.013716616189427313,107.29219818115234,145.6156768798828,467.5679931640625,661.4428100585938,2127.564208984375,3217.782470703125,5366.64599609375,8528.216796875,10002.05859375,16474.126953125,48289.359375,87572.6015625,238530.34375,478724.21875,1202450.875,2673696.25,32252536.0,87516816.0,166816,166816,-5.794222831726074,10.215649604797363,28.950016021728516,-6.5522613525390625,10.247807502746582,-49.49580764770508,192647.0,39.74162673950195,0.4828529357910156,0.8636935353279114,35927.0546875,91527.5,147503.859375,210412.953125,568325.125,1731676.25,5787158.0,75.79255676269531,0.125,2.046353572465489,72.8923110961914,1.8476734161376953,0.516933798789978,0.3229233920574188,0.2121666818857193,train17.csv,0.423558906
581120,4.06195068359375,10.873315811157227,118.22900390625,-34.12924575805664,37.602970123291016,71.73221588134766,37.602970123291016,11.607259750366211,8.025668144226074,3.239607877483865,0.4748394766541444,-0.07211558483044733,1.3470808824455596,4.364013838378927,5.52796185335549,-24.524417877197266,-15.140681266784668,-8.813993453979492,-0.31463363766670227,3.0272858142852783,9.294447898864746,20.489452362060547,23.9461727142334,28.10869026184082,9.609081536531448,0.026577987334801764,0.019364330947136563,118.22900390625,134.7284698486328,505.6875,588.0546264648438,2253.95849609375,2666.7822265625,5607.39404296875,6695.611328125,10346.9970703125,12424.6845703125,48571.64453125,59041.86328125,232087.9375,284805.0,1125261.125,1390201.125,27396602.0,34053252.0,160640,160640,4.2919392585754395,11.072918891906738,37.602970123291016,3.4418528079986572,11.054125785827637,-34.12924575805664,192175.0,33.93791580200195,0.4970451593399048,0.9321938157081604,41749.31640625,115444.1953125,186929.9375,266327.21875,706914.5,2074053.0,6544122.0,70.82454681396484,0.125,2.712024164614957,66.46920776367188,3.3136274814605713,0.4421631395816803,0.36945056915283203,0.22970230877399445,train18.csv,0.375658256
581120,-0.015160678885877132,3.1031877994537354,9.629775047302246,-18.48366355895996,19.995180130004883,38.478843688964844,19.995180130004883,3.103224754333496,2.36710262298584,6.443355448900755,0.8080894425668941,0.09523788232081082,1.3106566752579025,8.445026830163874,10.281614588530033,-7.271651268005371,-5.073467254638672,-3.9807534217834473,-1.9101238250732422,-0.15412797033786774,1.8697316646575928,3.8425698280334473,5.288183689117432,7.9030442237854,3.779855489730835,0.09306167400881057,0.09306167400881057,9.629775047302246,9.630003929138184,21.831701278686523,21.830455780029297,52.52251434326172,52.51398468017578,91.20853424072266,91.18659210205078,133.0597686767578,133.02020263671875,353.1339111328125,352.974609375,978.1776733398438,977.5863647460938,2819.93896484375,2817.850341796875,26164.3125,26139.86328125,180602,180603,0.44697222113609314,3.0428004264831543,19.995180130004883,-0.4327220022678375,3.034142017364502,-18.48366355895996,197637.5,19.63058853149414,0.5982144474983215,0.880074143409729,38269.06640625,57077.73828125,77322.8984375,98399.703125,199373.671875,447403.4375,1069920.75,33.142147064208984,0.125,5.026565880155634,29.34809112548828,2.4144110679626465,0.4235531687736511,0.6134322881698608,0.341985821723938,train19.csv,0.033974091
581120,-8.254080772399902,9.115644454956055,83.09497833251953,-39.69805145263672,23.13088607788086,62.82893753051758,39.69805145263672,12.297350883483887,6.482490062713623,3.228179128071434,0.5784331605593667,0.1110780800694153,1.2006144268808494,3.87579843371852,4.375373095169598,-27.882280349731445,-25.080341339111328,-22.461227416992188,-11.955016136169434,-8.25594425201416,-4.5653767585754395,2.8285138607025146,8.67049503326416,15.320319175720215,7.389639377593994,0.012019892621145374,0.05362231552863436,83.09497833251953,151.22483825683594,329.432861328125,637.514892578125,1355.6533203125,2813.956787109375,3210.20751953125,6981.25439453125,5729.185546875,12873.7958984375,24708.27734375,60539.5390625,108303.8203125,290739.875,481181.875,1419099.5,9818523.0,35040356.0,183959,183959,-7.792169570922852,9.110079765319824,23.13088607788086,-8.724871635437012,9.118963241577148,-39.69805145263672,199992.5,24.12049674987793,0.677306592464447,0.9657807946205139,46634.87890625,67144.7734375,90019.046875,114518.3515625,238771.015625,573669.6875,1512734.125,46.60251235961914,0.125,3.8399549085962206,43.218414306640625,1.7505030632019043,0.514472246170044,0.7038736343383789,0.4144060015678406,train20.csv,0.115031186
581120,-0.1419379860162735,3.9244866371154785,15.401595115661621,-33.04503631591797,24.541423797607422,57.58646011352539,33.04503631591797,3.9270524978637695,2.934642791748047,8.414717229750641,1.90902558388031,-1.3257375993206133,1.3566743758676194,11.416031245777361,13.753657783728636,-12.09638786315918,-8.50786304473877,-6.760371208190918,-1.4413622617721558,1.2032610177993774,2.176924705505371,3.146336317062378,4.239050388336182,6.658327579498291,3.618286967277527,0.036128510462555066,0.0350065390969163,15.401595115661621,15.421740531921387,41.19502639770508,41.71927261352539,118.73250579833984,121.5302734375,230.68797302246094,237.46563720703125,362.9738464355469,374.92645263671875,1164.4656982421875,1211.822998046875,3893.942626953125,4076.65673828125,13515.384765625,14216.9287109375,180239.359375,190848.828125,164740,164739,0.38910868763923645,3.6480772495269775,24.541423797607422,-0.26933544874191284,3.74442720413208,-33.04503631591797,199895.5,23.563508987426758,0.3623180091381073,0.6418806910514832,20589.775390625,36942.41796875,54601.04296875,73806.09375,174571.953125,459231.40625,1291500.125,24.70808219909668,0.125,4.059064248254896,21.852752685546875,2.1291794776916504,0.30376535654067993,0.26463526487350464,0.15739217400550842,train21.csv,0.056276601
581120,-4.0870561599731445,6.811861515045166,46.401458740234375,-31.297544479370117,19.932466506958008,51.230010986328125,31.297544479370117,7.9438958168029785,5.614413261413574,3.939823129750193,-0.7171597167997557,0.0697797380949164,1.236014671127325,4.869679190018625,5.747180579430672,-15.837977409362793,-14.74951457977295,-13.669556617736816,-9.689866065979004,-3.507740020751953,0.6122600436210632,4.957605838775635,7.580970287322998,10.518967628479004,10.302126109600067,0.02890625,0.033218612334801764,46.401458740234375,63.1054801940918,142.88388061523438,212.7749786376953,453.767822265625,739.093017578125,918.931396484375,1577.3795166015625,1477.6099853515625,2624.77685546875,4915.1728515625,9484.1708984375,16660.361328125,34758.5703125,57444.08984375,128943.5234375,715518.625,1831795.75,183895,183894,-3.615391254425049,6.863431453704834,19.932466506958008,-4.535203456878662,6.789372444152832,-31.297544479370117,204239.0,22.98526382446289,0.6264251470565796,0.891879141330719,40615.3984375,51363.3671875,66323.140625,82566.3125,165317.15625,387379.375,1004525.1875,62.19294738769531,0.125,2.86680922832252,59.34373474121094,1.2768146991729736,0.4553929567337036,0.7020277976989746,0.41415297985076904,train22.csv,0.080670606
581120,4.420352458953857,11.766261100769043,138.4449005126953,-49.762603759765625,43.28816604614258,93.0507698059082,49.762603759765625,12.569185256958008,9.034993171691895,3.9590954180752687,0.33611483365081574,-0.32339786913810936,1.2392988291972302,4.906502316301189,5.676334444095236,-25.25519561767578,-18.14213829040527,-10.314350128173828,-3.2095818519592285,6.493039131164551,9.545835494995117,21.45089340209961,23.75537109375,27.65772150039647,12.755417346954346,0.013344920154185022,0.007826266519823788,138.4449005126953,157.9844207763672,602.5582275390625,687.764404296875,2749.159423828125,3130.0595703125,6965.083984375,7901.25439453125,13036.552734375,14734.9423828125,63943.28125,71241.2578125,323525.34375,352171.1875,1685737.625,1775290.625,49761512.0,47602644.0,163524,163524,5.363182067871094,11.45626163482666,43.28816604614258,4.435209274291992,11.582117080688477,-49.762603759765625,192251.5,41.5614013671875,0.5626375079154968,1.0952693223953247,57656.93359375,211535.0,367482.28125,545894.375,1585255.25,5019105.5,16978922.0,104.1649169921875,0.125,2.3800714993565237,97.59564208984375,5.373379707336426,0.5233073234558105,0.4042607545852661,0.2678307294845581,train23.csv,0.789624017
581120,-4.5602335929870605,4.285552978515625,18.365964889526367,-29.688766479492188,21.315898895263672,51.00466537475586,29.688766479492188,6.25792932510376,3.1919240951538086,4.744183728696103,1.418388095236761,0.2777106899660874,1.1811952242151347,5.603807163135882,6.294593633428666,-14.947755813598633,-11.354979515075684,-9.790314674377441,-7.111677169799805,-4.705154895782471,-2.434690475463867,0.609602689743042,2.8800671100616455,7.1488800048828125,4.6769866943359375,0.015401294052863437,0.03733652257709251,18.365964889526367,39.16168212890625,50.27763366699219,115.5706787109375,147.1580810546875,356.6979064941406,288.3277587890625,715.1629638671875,456.3788757324219,1145.73681640625,1490.360595703125,3815.7119140625,5101.2060546875,13138.1630859375,18232.33984375,46669.0703125,261688.109375,642700.1875,174117,174117,-4.253809452056885,4.183172702789307,21.315898895263672,-4.890190124511719,4.187103748321533,-29.688766479492188,207426.5,25.680906295776367,0.37836411595344543,0.6330134272575378,20779.26171875,31922.232421875,45135.87890625,59402.72265625,132867.703125,335791.4375,921150.625,50.15995788574219,0.125,2.0473996134014385,48.51667785644531,0.9077036380767822,0.24390019476413727,0.3164207637310028,0.17488989233970642,train24.csv,0.060708901
581120,-0.6673737168312073,8.565881729125977,73.37433624267578,-26.643409729003906,23.978591918945312,50.62200164794922,26.643409729003906,8.591839790344238,6.079054832458496,3.1010133311544577,0.4923970860282121,-0.2722424119963892,1.4345561559765052,4.448577763973354,6.114460230086884,-23.19944953918457,-16.77496910095215,-11.60477352142334,-4.444731712341309,0.2237512767314911,2.413431167602539,12.464700698852539,14.747920989990234,17.264989852905273,6.858162879943848,0.056272370594713655,0.03002994218061674,73.37433624267578,73.81970977783203,280.82568359375,284.31976318359375,1113.305908203125,1134.0140380859375,2576.824462890625,2635.432373046875,4529.087890625,4645.9638671875,18802.34375,19455.3984375,79365.4296875,82989.3984375,339730.875,359648.84375,6443667.5,7024554.5,173276,173276,-0.22344644367694855,8.576534271240234,23.978591918945312,-0.9753566980361938,8.584461212158203,-26.643409729003906,203885.0,27.037233352661133,0.44384145736694336,0.7071741819381714,25490.482421875,39163.4765625,55327.5625,72818.21875,163181.203125,414377.15625,1147426.375,23.844959259033203,0.125,4.996279265787331,21.65874481201172,1.216862678527832,0.3606567978858948,0.37490320205688477,0.23329581320285797,train25.csv,0.057598512
581120,-1.4719403982162476,2.4323713779449463,5.916430473327637,-19.981361389160156,18.880144119262695,38.86150550842285,19.981361389160156,2.843068838119507,1.7783466577529907,7.028096232228205,2.5484131464709634,0.14922816986858656,1.2689771473977989,8.918493508413304,10.509910032466188,-7.859463691711426,-5.1340556144714355,-4.245428085327148,-2.838080644607544,-1.5370278358459473,-0.23172342777252197,1.417977213859558,2.753044366836548,5.125552177429199,2.606357216835022,0.07085455671806168,0.09017242566079295,5.916430473327637,8.083040237426758,12.629902839660645,17.384366989135742,29.307151794433594,40.23023986816406,50.30915451049805,68.79940795898438,73.10098266601562,99.69113159179688,194.2174835205078,263.1790466308594,545.36474609375,735.8137817382812,1607.567626953125,2164.46240234375,15791.74609375,21237.93359375,177122,177123,-1.0616363286972046,2.3511974811553955,18.880144119262695,-1.855476975440979,2.339198112487793,-19.981361389160156,201472.5,21.182497024536133,0.5130807757377625,0.7828809022903442,30870.75,43520.8515625,58136.90234375,73335.2890625,145674.0,321731.21875,760569.8125,31.49738311767578,0.125,4.401528589072991,28.374210357666016,2.025954484939575,0.3397209346294403,0.4797784984111786,0.27716511487960815,train26.csv,0.028622651
581120,2.6186304092407227,10.947328567504883,119.84400939941406,-46.99574279785156,44.42658996582031,91.42233276367188,46.99574279785156,11.25616455078125,8.142213821411133,4.175111565385349,0.38200691684250554,-0.2713893081182799,1.285410236000027,5.366731142588901,6.341060379606218,-25.086185455322266,-18.861543655395508,-10.79161548614502,-4.018487930297852,3.728302240371704,7.550675868988037,18.898746490478516,21.198972702026367,24.574907302856445,11.569163799285889,0.01111130231277533,0.012097329295154184,119.84400939941406,126.70124053955078,508.18359375,535.2330322265625,2248.485595703125,2358.051513671875,5581.236328125,5828.22021484375,10296.458984375,10710.3681640625,48574.3671875,49822.67578125,235455.484375,236535.875,1171021.375,1144219.625,31197782.0,28287760.0,162625,162624,3.36092472076416,10.761216163635254,44.42658996582031,2.497744083404541,10.843894958496094,-46.99574279785156,187234.0,43.72982406616211,0.5482062697410583,1.0502822399139404,51634.12109375,175050.0,300434.9375,444613.5,1297494.625,4200183.5,14707491.0,94.17406463623047,0.125,2.296511301039959,88.6502685546875,4.385699272155762,0.5350521802902222,0.36450713872909546,0.2380649298429489,train27.csv,0.672913029
581120,0.13183480501174927,10.870512962341309,118.16804504394531,-33.053009033203125,29.023359298706055,62.07636833190918,33.053009033203125,10.87131404876709,7.427119255065918,3.0403876555243667,0.6740923424766017,-0.09948977045614743,1.4600024373078042,4.438973387426545,6.285661232965064,-28.584360122680664,-20.875837326049805,-12.312698364257812,-5.03360652923584,0.39169761538505554,4.299107551574707,16.986495971679688,21.34459686279297,23.287673950195312,9.332714080810547,0.04662031938325991,0.055255368942731274,118.16804504394531,118.18546295166016,516.9491577148438,516.9734497070312,2340.11767578125,2339.916015625,5861.64208984375,5860.09423828125,10856.3017578125,10851.56640625,51303.875,51248.8046875,245988.0625,245490.828125,1193424.75,1189515.0,28894284.0,28702724.0,166480,166479,0.5290172100067139,10.806551933288574,29.023359298706055,-0.12544891238212585,10.791221618652344,-33.053009033203125,202811.5,32.58584213256836,0.37324264645576477,0.6583669781684875,21977.01171875,38802.359375,58794.97265625,81707.3515625,213590.9375,638106.5,2064655.0,27.876935958862305,0.125,3.438383252619398,25.64502716064453,1.4601738452911377,0.32500219345092773,0.25755414366722107,0.188787579536438,train28.csv,0.159309086
581120,2.5394811630249023,8.541671752929688,72.96015167236328,-23.3062744140625,28.53174591064453,51.83802032470703,28.53174591064453,8.911178588867188,5.986398220062256,3.2017926277772375,0.8885105044809358,0.33906719732047846,1.5009384431262547,4.805693641949627,6.8509269208904024,-16.035686492919922,-13.977811813354492,-8.760846138000488,0.1296800822019577,0.9970484972000122,6.7369866371154785,13.680185317993164,21.05706787109375,24.632837295532227,6.607306554913521,0.02553173182819383,0.00837176486784141,72.96015167236328,79.40911102294922,286.4093322753906,320.9949645996094,1167.34521484375,1347.1807861328125,2745.428955078125,3231.010986328125,4874.31298828125,5818.39501953125,20699.255859375,25710.392578125,89017.25,115737.8984375,386652.0,528983.9375,7467518.0,11447960.0,176410,176410,2.8625223636627197,8.493313789367676,28.53174591064453,2.170487403869629,8.484366416931152,-23.3062744140625,212865.0,24.51166343688965,0.4024827182292938,0.6170867681503296,20264.5390625,22192.78515625,28854.83984375,36470.27734375,77490.3515625,194888.71875,542670.5,16.970266342163086,0.125,5.505702067982431,15.347433090209961,0.7475788593292236,0.33083903789520264,0.31189268827438354,0.23194186389446259,train29.csv,0.045191049
581120,-10.08752155303955,8.386356353759766,70.33097076416016,-35.5849609375,22.073781967163086,57.658742904663086,35.5849609375,13.118270874023438,5.962516784667969,2.7126258696153305,0.6372330771354404,0.1717586240384704,1.1560382696416807,3.1358993164956046,3.456358648653662,-27.9954833984375,-25.580459594726562,-23.297239303588867,-13.437301635742188,-10.273957252502441,-6.579138278961182,0.3640608787536621,5.572523593902588,11.984246253967285,6.858163356781006,0.00973637114537445,0.04375516244493392,70.33097076416016,172.0890350341797,268.449462890625,723.8102416992188,1064.1407470703125,3173.5439453125,2463.95556640625,7835.541015625,4331.87255859375,14402.03515625,17991.375,67198.8125,75931.734375,320488.15625,324789.0,1554782.25,6142613.0,37961464.0,176410,176409,-9.589884757995605,8.453146934509277,22.073781967163086,-10.509734153747559,8.452543258666992,-35.5849609375,198957.0,25.0516414642334,0.6093393564224243,0.9640215039253235,46224.55078125,102746.6796875,159751.375,222146.765625,553223.5,1498062.75,4275265.0,31.213964462280273,0.125,5.9719137955780885,25.59154510498047,4.179411888122559,0.5096621513366699,0.5727066993713379,0.35985100269317627,train30.csv,0.09275185
581120,-13.866877555847168,15.55046272277832,241.81687927246094,-61.633113861083984,33.64985656738281,95.2829704284668,61.633113861083984,20.835237503051758,10.967866897583008,2.958119092813488,0.5782382126266064,0.14896800123690768,1.1888723835216384,3.5168260966142064,3.940865672002337,-48.24418258666992,-42.678565979003906,-38.17164993286133,-20.479887008666992,-14.6931791305542,-7.082446098327637,6.191692352294922,15.762508392333984,26.340999603271484,13.397440910339355,0.006387665198237885,0.021749380506607928,241.81687927246094,434.10711669921875,1256.185302734375,2368.769287109375,6758.83740234375,13560.0712890625,18778.2578125,39367.2734375,37264.5703125,80652.796875,209238.921875,494137.40625,1191918.125,3096397.0,6870685.5,19735562.0,234966192.0,830916096.0,159913,159913,-13.197721481323242,15.852346420288086,33.64985656738281,-14.154942512512207,15.82711410522461,-61.633113861083984,186635.5,47.97312927246094,0.5954878330230713,1.0861183404922485,55041.2890625,171039.125,291813.84375,433174.25,1301675.25,4445936.5,16703848.0,72.628662109375,0.125,2.9325245506216184,67.0453872680664,4.355151176452637,0.4535077214241028,0.5343692302703857,0.2397904098033905,train31.csv,0.928338975
581120,-2.674470901489258,2.73361873626709,7.472671031951904,-32.34295654296875,21.80379295349121,54.14674949645996,32.34295654296875,3.8243255615234375,1.976286768913269,8.457166112729254,1.0689346447085146,-0.023059690915909124,1.1781773577210495,9.964041624505958,11.060088300361974,-9.510758399963379,-7.865309715270996,-5.696888446807861,-3.953648090362549,-2.8651857376098633,-1.3387874364852905,1.267569661140442,2.360283851623535,3.6740918159484863,2.6148606538772583,0.027815253303964758,0.12686020099118941,7.472671031951904,14.625466346740723,16.30317497253418,34.1788215637207,37.42959976196289,84.57444763183594,62.99803924560547,149.4116668701172,89.9670639038086,220.55548095703125,227.21261596679688,604.1170043945312,610.06787109375,1736.8074951171875,1773.773681640625,5257.7919921875,20381.818359375,58117.0703125,175926,175925,-2.2067322731018066,2.7027227878570557,21.80379295349121,-3.095721960067749,2.675492286682129,-32.34295654296875,203933.5,31.875789642333984,0.5429096221923828,0.8416661024093628,36116.71484375,56242.58984375,80496.9609375,108003.8203125,262762.375,745239.5625,2317085.0,9.601603507995605,0.125,16.84594930350747,5.067234992980957,3.1386125087738037,0.4806131422519684,0.5262254476547241,0.38806477189064026,train32.csv,0.05965584
581120,-4.936293601989746,3.101978063583374,9.622267723083496,-23.370582580566406,14.461986541748047,37.83256912231445,23.370582580566406,5.830030918121338,2.3748860359191895,4.008654998367197,0.5602336332488944,0.06679939601431407,1.136875653218356,4.557342269796516,4.989795694114265,-11.865196228027344,-10.16872501373291,-9.084514617919922,-6.84806489944458,-4.875226974487305,-3.131986618041992,-1.142141342163086,0.2567027807235718,2.7695200443267822,3.716078281402588,0.014267276982378854,0.08335111508810572,9.622267723083496,33.9892578125,21.585657119750977,93.04267120361328,51.1323356628418,263.21759033203125,87.79803466796875,498.2196044921875,127.03571319580078,766.5137329101562,329.6350402832031,2290.81103515625,890.92138671875,7010.29296875,2503.248291015625,21930.244140625,22057.951171875,228341.078125,174229,174230,-4.54488468170166,3.0303966999053955,14.461986541748047,-5.33864164352417,3.0671582221984863,-23.370582580566406,200280.5,24.056716918945312,0.5063554048538208,0.8319592475891113,34656.34765625,63086.3515625,90718.1640625,119818.9296875,264837.34375,647367.75,1692779.75,31.767993927001953,0.125,4.7475041847880295,28.431793212890625,2.0793344974517822,0.39662474393844604,0.542866587638855,0.316741943359375,train33.csv,0.028831268
581120,2.258979320526123,11.352490425109863,128.8790283203125,-47.729713439941406,43.152645111083984,90.88235855102539,47.729713439941406,11.575058937072754,8.544483184814453,4.123496363985493,0.3373434925156902,-0.27421937016421855,1.2790179406460567,5.274025827726683,6.199309908150126,-26.3643856048584,-19.816604614257812,-11.525583267211914,-4.756707668304443,3.7766668796539307,7.139845371246338,19.044902801513672,21.540712356567383,24.93365478515625,11.896553039550781,0.009531594162995595,0.02015418502202643,128.8790283203125,133.98199462890625,554.1359252929688,573.0180053710938,2488.370361328125,2559.265869140625,6233.3671875,6381.68017578125,11570.439453125,11799.5888671875,55432.62109375,55779.359375,272827.21875,269346.375,1377046.125,1326065.125,37676952.0,33983016.0,160635,160635,3.1608071327209473,11.060205459594727,43.152645111083984,2.315568685531616,11.166255950927734,-47.729713439941406,191380.0,42.21193313598633,0.5044984817504883,1.0427213907241821,52020.3359375,193576.4375,334860.53125,495544.0,1424182.5,4469659.5,15039359.0,95.77923583984375,0.125,2.328775264058206,89.7018814086914,5.090839385986328,0.4468809962272644,0.3196297287940979,0.21951644122600555,train34.csv,0.700103573
581120,1.4326403141021729,3.1176815032958984,9.719937324523926,-15.74603271484375,21.788911819458008,37.53494453430176,21.788911819458008,3.4310925006866455,2.470752716064453,6.350429729041453,0.7116784061868766,0.45607626425606496,1.3477534983318051,8.558813883228412,10.599708725347384,-5.3758769035339355,-2.761016607284546,-1.7831010818481445,-0.7966821193695068,0.9210474491119385,3.4083540439605713,5.725588321685791,7.137187480926514,9.526702880859375,4.205036163330078,0.0693419603524229,0.05677312775330397,9.719937324523926,11.772396087646484,21.737638473510742,28.612133026123047,51.938011169433594,73.5576171875,90.11038970947266,132.55809020996094,131.5296173095703,197.9390411376953,350.6689147949219,553.7809448242188,978.6975708007812,1603.8043212890625,2846.001220703125,4794.3857421875,26814.484375,46796.4453125,177352,177353,1.790065050125122,3.0532233715057373,21.788911819458008,0.9845358729362488,3.0363008975982666,-15.74603271484375,202287.5,20.28961944580078,0.5057499408721924,0.7738795280456543,30286.966796875,43013.6015625,57771.3828125,73151.328125,146617.21875,326273.28125,776260.75,33.27287673950195,0.125,4.248309990735725,30.149085998535156,1.9842807054519653,0.35906076431274414,0.48944997787475586,0.2904171347618103,train35.csv,0.028827561
581120,5.908174514770508,11.082261085510254,122.8165054321289,-23.6788387298584,53.12153244018555,76.80037117004395,53.12153244018555,12.558781623840332,8.016892433166504,4.22983168521226,0.3586841126181697,0.30842085854778994,1.3001884995525097,5.49957851215623,6.542002243480873,-16.369983673095703,-13.631821632385254,-11.021212577819824,1.9510475397109985,4.689210891723633,11.862007141113281,19.723596572875977,28.767189025878906,33.66952133178711,9.910959601402283,0.010106346365638766,0.01604315803964758,122.8165054321289,157.72300720214844,529.5137939453125,716.517578125,2365.572509765625,3428.471923828125,5881.4736328125,8943.38671875,10841.224609375,17062.875,50662.03515625,87523.7890625,240470.265625,459595.96875,1156272.125,2457912.0,27593930.0,73170296.0,160541,160541,6.2202959060668945,11.150243759155273,53.12153244018555,5.405963897705078,11.128053665161133,-23.6788387298584,195998.0,53.993682861328125,0.46777763962745667,0.9854084253311157,47579.9765625,176440.109375,309715.65625,465219.71875,1415659.875,4846013.0,18293914.0,52.89714813232422,0.125,3.551942115864536,47.4385871887207,4.524510860443115,0.4134114980697632,0.30156463384628296,0.21860429644584656,train36.csv,0.332861874
581120,5.437917709350586,6.6926350593566895,44.79136657714844,-28.730514526367188,60.196006774902344,88.92652130126953,60.196006774902344,8.623356819152832,4.9849162101745605,6.980577058019627,0.2937335874866882,0.183023360133627,1.2281562332127955,8.573239225230036,9.71016713551357,-9.699432373046875,-5.685727596282959,-3.7341485023498535,2.630805015563965,4.803477764129639,9.412435531616211,14.523106575012207,17.967069625854492,21.640628814697266,6.781630516052246,0.010457392621145374,0.05356897026431718,44.79136657714844,74.36228942871094,147.8558349609375,269.3707580566406,508.33404541015625,1026.36572265625,1083.771484375,2334.95458984375,1806.2086181640625,4066.673583984375,6608.107421875,16623.09765625,24870.982421875,69751.0625,96459.6953125,299670.0625,1621231.75,5940149.0,163468,163468,5.915547847747803,6.595166206359863,60.196006774902344,4.949460983276367,6.58983039855957,-28.730514526367188,186659.5,61.583160400390625,0.6205956339836121,1.1924457550048828,66354.0390625,249891.703125,441955.3125,669055.9375,2101183.25,7561745.0,30510570.0,72.89640045166016,0.125,3.56799821502033,65.93846893310547,5.600491046905518,0.6203403472900391,0.4396689832210541,0.2967299222946167,train37.csv,0.50786784
581120,-1.3836932182312012,8.400276184082031,70.56464385986328,-25.22649574279785,23.027250289916992,48.253746032714844,25.22649574279785,8.51347541809082,5.9077653884887695,2.963125457458833,0.7592693374064656,0.2383255410671713,1.3268836896264453,3.931722839819486,4.674418479984118,-20.018033981323242,-17.841110229492188,-12.641151428222656,-3.9717183113098145,-2.5558669567108154,3.196826696395874,9.259902000427246,15.339983940124512,20.110511779785156,7.1685450077056885,0.012083562775330396,0.011493323237885463,70.56464385986328,72.4792709350586,272.3951416015625,275.8361511230469,1091.152587890625,1098.001220703125,2540.18798828125,2551.497802734375,4479.94384765625,4496.0908203125,18718.7890625,18751.177734375,79252.359375,79183.796875,339036.40625,337387.3125,6354684.5,6241710.5,177331,177332,-1.11220383644104,8.346023559570312,23.027250289916992,-1.6990607976913452,8.3396635055542,-25.22649574279785,211986.5,24.082229614257812,0.35371413826942444,0.5309979915618896,14942.8681640625,11759.1962890625,13515.5009765625,15838.248046875,29240.11328125,68796.0,188644.75,21.868345260620117,0.125,3.0707382826517353,20.800716400146484,0.4177955985069275,0.2261858582496643,0.24355994164943695,0.179620623588562,train38.csv,0.035914277
581120,-7.735784530639648,10.905988693237305,118.94058227539062,-53.69712448120117,28.435016632080078,82.13214111328125,53.69712448120117,13.370973587036133,7.634118556976318,4.01594724061525,1.0473816417136863,-0.5265502900362847,1.2733681127070653,5.11377915851377,5.904253247661119,-37.132083892822266,-31.0264892578125,-22.514375686645508,-11.179060935974121,-6.374520301818848,-3.5385653972625732,6.937884330749512,10.86655330657959,14.795221328735352,7.640495538711548,0.013620250550660793,0.014814496145374449,118.94058227539062,178.78292846679688,527.3355712890625,845.814453125,2440.967529296875,4273.79248046875,6219.6142578125,11574.8154296875,11668.8798828125,22675.009765625,57257.75,124679.8203125,287302.875,703943.1875,1470416.0,4055478.5,40583636.0,140813968.0,169600,169599,-7.25855827331543,10.809490203857422,28.435016632080078,-8.065937042236328,10.835223197937012,-53.69712448120117,201680.0,42.9942626953125,0.4841171205043793,0.8573004007339478,37056.88671875,103566.8515625,177344.296875,264565.9375,803580.375,2743230.75,10154125.0,83.65701293945312,0.125,2.0210924354678235,80.56632995605469,2.0060977935791016,0.45343562960624695,0.3750916123390198,0.25543689727783203,train39.csv,0.542141961
581120,1.9493613243103027,10.43238639831543,108.8346939086914,-28.75124168395996,43.21482467651367,71.96606636047363,43.21482467651367,10.61294937133789,6.914071559906006,4.071895866498593,0.8676654538220911,-0.11900416346083635,1.3860843704795236,5.643991218774409,7.007266273087418,-24.609983444213867,-19.29947853088379,-11.157270431518555,-2.2454850673675537,2.516537666320801,5.335484981536865,16.63678550720215,23.239839553833008,25.102130889892578,7.580970048904419,0.012355451541850221,0.03669637940528634,108.8346939086914,112.63469696044922,474.199951171875,486.9761657714844,2133.095947265625,2189.90283203125,5316.14111328125,5464.458984375,9807.5791015625,10091.4736328125,45812.4609375,47254.76171875,216570.75,223751.078125,1033486.6875,1068097.5,24054810.0,24765598.0,170398,170398,2.44380784034729,10.294159889221191,43.21482467651367,1.6941465139389038,10.286471366882324,-28.75124168395996,200439.5,31.484622955322266,0.460785835981369,0.8064324259757996,32588.1171875,65308.51171875,97087.046875,131431.359375,313601.46875,851203.3125,2546855.0,32.1813850402832,0.125,4.1699714115738615,29.31915283203125,1.7128251791000366,0.5677391290664673,0.33919456601142883,0.24177566170692444,train40.csv,0.178849028
581120,1.8244128227233887,5.7429609298706055,32.98160171508789,-27.185514450073242,38.10521697998047,65.29073143005371,38.10521697998047,6.025784492492676,4.429135322570801,6.323693956769971,0.18030974624833274,0.5050127494832893,1.3801818036853424,8.727847331210327,11.37472067601665,-9.13659954071045,-7.180768966674805,-5.87546443939209,-1.1102528274059296,0.7148348689079285,5.523627758026123,9.256712913513184,13.725361824035645,16.58257484436035,6.633880585432053,0.05131814427312775,0.023351459251101322,32.98160171508789,36.310081481933594,99.71954345703125,116.10086822509766,315.0628662109375,388.54620361328125,638.926513671875,816.7080078125,1029.80517578125,1349.005126953125,3459.49658203125,4827.30712890625,11893.0185546875,17711.740234375,41724.640625,66361.2265625,543231.5,981303.625,165170,165171,2.315351724624634,5.7610673904418945,38.10521697998047,1.3978867530822754,5.776443958282471,-27.185514450073242,191539.5,38.16421127319336,0.5481595396995544,1.026586651802063,50464.9140625,142812.515625,226841.84375,317348.0,794705.1875,2185417.75,6503198.5,25.522520065307617,0.125,8.615189538734208,18.93320655822754,5.333197593688965,0.560820460319519,0.4067250192165375,0.2879641652107239,train41.csv,0.132170551
581120,0.936120867729187,6.005932331085205,36.07122039794922,-34.9615364074707,26.272972106933594,61.2345085144043,34.9615364074707,6.078449249267578,4.624736309051514,5.751719718919696,0.13627141862944114,0.014877991588746932,1.3027791373126079,7.493220453479349,9.035279050928752,-13.944860458374023,-8.931982040405273,-6.091774940490723,-2.677574872970581,0.8301650881767273,4.1125593185424805,9.801475524902344,11.43416976928711,14.389175415039062,6.7901341915130615,0.024055272577092512,0.039842029185022027,36.07122039794922,36.947547912597656,111.41262817382812,115.16226196289062,359.1292419433594,374.0189514160156,736.4871826171875,769.6409301757812,1195.4525146484375,1251.474609375,4080.7060546875,4283.20166015625,14216.828125,14925.587890625,50389.828125,52800.5,661638.9375,687060.375,167068,167068,1.2726329565048218,6.098223686218262,26.272972106933594,0.3368576765060425,6.071209907531738,-34.9615364074707,187695.5,34.49915313720703,0.6054878234863281,1.0089079141616821,47763.58203125,102836.53125,152942.078125,206423.40625,485391.59375,1291716.25,3784522.0,34.21395492553711,0.125,6.095576070591946,29.436599731445312,3.4022974967956543,0.574181854724884,0.49545615911483765,0.30485624074935913,train42.csv,0.132121434
581120,-1.3255870342254639,6.727531909942627,45.25968551635742,-46.21022415161133,33.800262451171875,80.0104866027832,46.21022415161133,6.856884479522705,5.1242852210998535,6.739244957328083,0.1553385886442551,0.07299938514866892,1.2775355808295619,8.609625220914085,10.3123176804934,-17.39998435974121,-12.663472175598145,-9.517136573791504,-5.456661224365234,-1.6470433473587036,2.5112228393554688,8.217146873474121,10.398323059082031,14.199437141418457,7.967884063720703,0.0312568832599119,0.057736784140969166,45.25968551635742,47.01686477661133,148.07884216308594,153.6318359375,505.295654296875,525.5126342773438,1072.728759765625,1119.24853515625,1782.5262451171875,1865.1142578125,6463.51904296875,6825.92578125,24000.58984375,25647.935546875,91056.125,98646.7890625,1393662.375,1556017.5,165035,165036,-1.0132378339767456,6.7385029792785645,33.800262451171875,-1.9727879762649536,6.719979286193848,-46.21022415161133,190009.0,46.2086296081543,0.593670129776001,1.0637576580047607,53752.60546875,165450.8125,278903.6875,408959.15625,1175385.375,3782854.5,13283281.0,74.67416381835938,0.125,3.3159983271159392,69.53368377685547,3.7790913581848145,0.5562722682952881,0.5071308612823486,0.29749196767807007,train43.csv,0.435326638
581120,-0.3407948315143585,8.149859428405762,66.42021179199219,-31.437320709228516,31.319334030151367,62.75665473937988,31.437320709228516,8.156980514526367,6.102880477905273,3.8540389612601715,0.2534085019129173,-0.16297448031987916,1.3209421465596927,5.090962498412324,6.205521517481144,-21.6496639251709,-14.825515747070312,-10.131522178649902,-3.622007369995117,-1.4493343830108643,4.5244526863098145,11.57394790649414,14.069758415222168,16.025588989257812,8.146460056304932,0.013537651431718062,0.012859650330396476,66.42021179199219,66.53633880615234,241.9888153076172,242.22528076171875,917.4398193359375,919.8858642578125,2071.792724609375,2081.417236328125,3585.100341796875,3607.75048828125,14352.880859375,14519.4384765625,58622.80078125,59695.2890625,243513.34375,249890.0625,4378839.0,4575031.5,173656,173655,-0.01872159354388714,8.213237762451172,31.319334030151367,-0.892885684967041,8.1570463180542,-31.437320709228516,203412.0,33.30439758300781,0.5206080079078674,0.8956314921379089,40792.02734375,93488.3671875,146221.734375,204818.34375,529402.0625,1533448.125,4803630.0,28.932262420654297,0.125,6.1471838185675844,23.254287719726562,4.383446216583252,0.5083359479904175,0.45172351598739624,0.33372288942337036,train44.csv,0.141935868
581120,-2.8053410053253174,6.57487154006958,43.22893524169922,-37.124114990234375,31.52129364013672,68.6454086303711,37.124114990234375,7.1483473777771,5.122391223907471,5.193384292660601,0.26888960834460374,0.4718054864073847,1.1911691440888619,6.186199122813933,6.9861304960091735,-15.809808731079102,-13.424546241760254,-10.575836181640625,-7.051088333129883,-4.215134143829346,1.2229256629943848,6.775784492492676,9.922121047973633,13.889055252075195,8.274013996124268,0.024605933370044054,0.014687155837004405,43.22893524169922,51.09886932373047,139.97998046875,162.5762176513672,475.6675109863281,541.4044799804688,1009.529296875,1135.6334228515625,1678.4468994140625,1874.14404296875,6108.70703125,6707.12548828125,22834.71875,24716.666015625,87446.09375,93543.3828125,1371926.625,1443950.5,171298,171298,-2.4863438606262207,6.535003662109375,31.52129364013672,-3.3620948791503906,6.476665496826172,-37.124114990234375,194513.0,37.1650390625,0.5619534850120544,0.9329447746276855,42325.34765625,94377.015625,146225.75,203647.25,520394.6875,1499461.375,4712691.0,57.1835823059082,0.125,3.3095146010189676,53.37520217895508,2.4811298847198486,0.5693812966346741,0.4443431496620178,0.31285202503204346,train45.csv,0.187610341
581120,-1.572610855102539,6.462928295135498,41.76944351196289,-31.052532196044922,28.281417846679688,59.33395004272461,31.052532196044922,6.65150785446167,4.929383277893066,4.668495155607607,0.3770325456835457,0.3886803904164512,1.2378206966095227,5.778759925633259,6.622665111336386,-15.159282684326172,-12.973855018615723,-9.555402755737305,-4.77637243270874,-3.0246286392211914,2.2348554134368896,7.600635051727295,11.393245697021484,14.58635139465332,7.01122784614563,0.02423767896475771,0.01513800936123348,41.76944351196289,44.242557525634766,136.24514770507812,141.21896362304688,464.6688232421875,473.167724609375,985.4646606445312,994.9661865234375,1635.3125,1642.931640625,5891.8623046875,5857.751953125,21630.548828125,21317.259765625,80697.921875,78887.5703125,1172338.0,1127825.875,171695,171694,-1.2737054824829102,6.438361167907715,28.281417846679688,-2.1129825115203857,6.386734485626221,-31.052532196044922,202704.5,31.093456268310547,0.5003401041030884,0.8288094401359558,34810.703125,66388.84375,98092.4140625,132377.15625,312593.28125,830953.125,2402860.25,40.894100189208984,0.125,3.94185707213414,37.67320251464844,2.007534980773926,0.5027585029602051,0.4148682653903961,0.2950820326805115,train46.csv,0.094676808
581120,-1.2544760704040527,7.767744064331055,60.33784484863281,-28.1171932220459,25.323755264282227,53.440948486328125,28.1171932220459,7.868389129638672,5.221733093261719,3.5734370477599278,0.9940204326603261,-0.1689048198432776,1.4419978299955691,5.1528884684962435,6.891532037116584,-21.607677459716797,-17.47492218017578,-9.87269401550293,-3.928668737411499,-1.1947574615478516,1.1905057430267334,9.85993766784668,14.013952255249023,15.965531349182129,5.119174480438232,0.056946930066079295,0.0798440941629956,60.33784484863281,61.91154479980469,227.47837829589844,233.64276123046875,888.7789916992188,919.72705078125,2038.66015625,2124.749267578125,3560.92041015625,3732.63916015625,14540.8525390625,15510.2939453125,60291.85546875,65703.3828125,253253.390625,282924.1875,4620429.0,5469213.5,181893,181894,-0.8016176819801331,7.735442638397217,25.323755264282227,-1.7004247903823853,7.710592269897461,-28.1171932220459,208201.5,28.878267288208008,0.5828096270561218,0.8843692541122437,40709.06640625,62081.2421875,85756.3984375,111419.21875,245141.328125,622059.8125,1736737.75,22.721813201904297,0.125,7.655095858290717,18.205747604370117,2.960294723510742,0.5710386037826538,0.5103179216384888,0.47294870018959045,train47.csv,0.072398903
581120,-2.3247127532958984,10.626814842224121,112.92918395996094,-35.32719421386719,28.93035125732422,64.2575454711914,35.32719421386719,10.878118515014648,6.988689422607422,3.247546362461778,1.0989777469745095,-0.10477413189198914,1.448498700621676,4.7040666862349685,6.194974783131968,-29.79984474182129,-24.565872192382812,-14.174458503723145,-6.478689670562744,-1.7889474630355835,0.5878121852874756,13.066863059997559,19.487091064453125,21.851093292236328,7.06650185585022,0.01583666024229075,0.01843164922907489,112.92918395996094,118.33346557617188,503.3854064941406,527.7997436523438,2319.74609375,2451.332763671875,5866.18505859375,6246.91064453125,10927.3994140625,11710.3466796875,52274.265625,57134.48046875,252947.796875,283441.1875,1234999.25,1425481.0,30065654.0,37259400.0,169694,169695,-2.0169413089752197,10.55252742767334,28.93035125732422,-2.634208917617798,10.554038047790527,-35.32719421386719,206693.0,24.430877685546875,0.35500580072402954,0.6008490920066833,18655.05859375,23202.322265625,29946.298828125,37129.58203125,72953.4453125,168301.59375,436862.3125,23.366222381591797,0.125,3.5208793599872767,21.650371551513672,0.9681804776191711,0.32410746812820435,0.24629510939121246,0.17686811089515686,train48.csv,0.132467063
581120,4.221789360046387,10.903759002685547,118.89196014404297,-34.3652229309082,39.79052734375,74.1557502746582,39.79052734375,11.692538261413574,8.048993110656738,3.403070099420492,0.45321741127204174,-0.06582623861824984,1.3347256644334284,4.542164999562938,5.654417893978848,-24.318204879760742,-14.942971229553223,-8.841629981994629,-0.24447883665561676,3.012404680252075,9.683487892150879,20.385284423828125,23.982311248779297,28.52749252319336,9.927966728806496,0.023083012114537445,0.01862438050660793,118.89196014404297,136.7154541015625,508.29010009765625,597.0694580078125,2264.2431640625,2711.606201171875,5632.0546875,6817.3447265625,10392.6474609375,12664.771484375,48812.2578125,60403.296875,233542.6875,292826.65625,1134646.0,1438509.125,27794634.0,35845496.0,158604,158604,4.492919921875,11.180726051330566,39.79052734375,3.631920099258423,11.151155471801758,-34.3652229309082,186774.5,39.439754486083984,0.5158937573432922,0.9819833636283875,45026.2578125,140632.8125,238023.15625,349753.46875,1006317.625,3210207.25,11026634.0,85.49100494384766,0.125,2.398125308515618,80.91671752929688,3.511575698852539,0.46806785464286804,0.37794801592826843,0.21629801392555237,train49.csv,0.476568618
581120,3.570692300796509,4.334710121154785,18.78971290588379,-21.366918563842773,30.309528350830078,51.67644691467285,30.309528350830078,5.616008281707764,3.077360153198242,5.3969878302259024,2.662491856758402,0.7497176855719496,1.3093705370411253,7.066656853668565,8.296649437272555,-6.932037830352783,-2.90982985496521,-0.6266099214553833,1.9669917821884155,2.5962588787078857,5.444969177246094,9.484184265136719,11.34222412109375,17.064347248077134,3.4779773950576782,0.018775812224669605,0.020575784691629954,18.78971290588379,31.53955078125,54.59279251098633,98.98929595947266,171.0010528564453,333.7193603515625,349.6417541503906,711.91259765625,569.6035766601562,1192.16650390625,1999.1614990234375,4471.26171875,7341.20458984375,17491.6640625,28039.23828125,71014.828125,451057.84375,1286469.125,169225,169225,3.793748378753662,4.285485744476318,30.309528350830078,3.268033981323242,4.240110874176025,-21.366918563842773,214732.5,28.342538833618164,0.2879711985588074,0.5218600630760193,14619.9501953125,22697.8984375,32642.48828125,43555.45703125,101838.34375,273207.125,806089.25,38.238853454589844,0.125,1.8355969812182777,37.12352752685547,0.5605851411819458,0.24381616711616516,0.19075049459934235,0.11983973532915115,train50.csv,0.040152677
581120,2.2539844512939453,8.87507152557373,78.76689910888672,-25.380416870117188,34.797908782958984,60.17832565307617,34.797908782958984,9.156819343566895,6.617286682128906,3.8002179007061425,0.3075973505493712,-0.12826375049942615,1.2539844506057531,4.765414156399661,5.51521445539699,-16.755029678344727,-14.548839569091797,-12.225619316101074,-2.2695820331573486,3.8158669471740723,6.676548004150391,11.778096199035645,18.65239906311035,23.628250122070312,8.94613003730774,0.016294397026431717,0.013713174559471365,78.76689910888672,83.84733581542969,301.81658935546875,316.86602783203125,1202.0958251953125,1259.214111328125,2791.768798828125,2937.21923828125,4917.9619140625,5200.88720703125,20521.076171875,22139.50390625,86953.1484375,96554.4375,373106.15625,429538.96875,7086186.5,8913164.0,170771,170771,2.589672565460205,8.894937515258789,34.797908782958984,1.6093798875808716,8.82065200805664,-25.380416870117188,197849.0,27.098451614379883,0.6152532696723938,1.0446797609329224,53980.91015625,129521.8984375,198067.625,270685.46875,638783.3125,1635292.5,4434583.0,40.65909957885742,0.125,5.123697638680986,35.664894104003906,3.42094087600708,0.5930581092834473,0.6313726305961609,0.34802284836769104,train51.csv,0.131487919
581120,-7.762387275695801,9.741898536682129,94.90459442138672,-58.136539459228516,26.32558822631836,84.46212768554688,58.136539459228516,12.456294059753418,7.514128684997559,4.66724205292041,0.35036884145311475,-0.1733382434478635,1.235925062355025,5.768361425282116,6.655590330576391,-31.85612678527832,-25.091501235961914,-20.703638076782227,-13.943266868591309,-6.855505466461182,-2.493152618408203,5.151594638824463,8.757125854492188,14.764927864074707,11.450114250183105,0.010860063325991189,0.015506263766519824,94.90459442138672,155.15927124023438,375.66265869140625,674.294189453125,1561.1453857421875,3085.600341796875,3741.235595703125,7849.2421875,6748.08837890625,14742.9521484375,30176.376953125,73093.6640625,139220.6875,374338.21875,662012.9375,1974033.875,16411272.0,59461004.0,165850,165850,-7.334860801696777,9.729854583740234,26.32558822631836,-8.215500831604004,9.73049259185791,-58.136539459228516,184725.0,36.340187072753906,0.6046489477157593,1.0549352169036865,51394.57421875,161097.765625,276083.3125,408834.375,1189828.875,3781384.0,12752284.0,118.1575698852539,0.125,1.8076666569908215,114.08392333984375,2.8718435764312744,0.4312571585178375,0.5347685813903809,0.23526909947395325,train52.csv,0.616000631
581120,2.4206180572509766,4.101124286651611,16.8192195892334,-24.10774040222168,24.902828216552734,49.010568618774414,24.902828216552734,4.762206554412842,3.2555692195892334,5.2292625135026105,0.3889128960052166,-0.6709398870775151,1.1954531686313132,6.251338441372954,7.20445955544943,-8.941547393798828,-5.148937225341797,-3.39719295501709,0.08078431338071823,2.682889699935913,5.510340690612793,7.457667827606201,7.997646808624268,8.855704288482409,5.429556377232075,0.04334905011013216,0.05717579845814978,16.8192195892334,22.678611755371094,42.52450942993164,57.79949188232422,114.03984069824219,151.98931884765625,211.54483032226562,275.0489196777344,322.65179443359375,410.5162353515625,958.676513671875,1136.207763671875,2977.956787109375,3219.738037109375,9627.5087890625,9343.7431640625,111495.15625,84936.1796875,179525,179526,2.954411029815674,3.9534387588500977,24.902828216552734,2.1182327270507812,4.045207500457764,-24.10774040222168,205703.5,26.14435577392578,0.5262107253074646,0.8076241612434387,33542.875,47647.1015625,64657.0234375,83202.0234375,180268.515625,454542.75,1263930.5,25.47242546081543,0.125,5.813738582656739,21.870014190673828,2.3162612915039062,0.46168237924575806,0.4631146788597107,0.36057722568511963,train53.csv,0.043912869
581120,-4.151593208312988,16.03310203552246,257.0603332519531,-53.75133514404297,36.62080764770508,90.37214279174805,53.75133514404297,16.5618839263916,10.807007789611816,3.245484353285812,0.9560571039606112,-0.23221617344304468,1.4021277528524958,4.550583683190845,5.7614601442835225,-45.753684997558594,-38.576637268066406,-23.54224967956543,-9.804664611816406,-3.3886895179748535,1.9388235807418823,18.278514862060547,27.53044319152832,30.574735641479492,11.743488192558289,0.016008741740088105,0.006931442731277533,257.0603332519531,274.2960205078125,1392.1156005859375,1496.0628662109375,7805.72265625,8542.5146484375,22219.142578125,24690.494140625,44798.484375,50370.19140625,261416.3125,304190.625,1544747.25,1871614.25,9219728.0,11689880.0,336305408.0,472296448.0,166508,166508,-3.8134586811065674,16.01337432861328,36.62080764770508,-4.605651378631592,16.021759033203125,-53.75133514404297,200151.5,40.0520133972168,0.46606436371803284,0.8354076147079468,34921.7265625,84586.609375,136892.703125,196967.234375,551097.6875,1750989.75,6069263.5,55.1677360534668,0.125,2.727883528464624,51.67797088623047,2.478794574737549,0.4314344525337219,0.3419795036315918,0.23687317967414856,train54.csv,0.832608215
581120,-3.122195243835449,3.4789366722106934,12.102999687194824,-32.74687576293945,24.189056396484375,56.93593215942383,32.74687576293945,4.674516201019287,2.397737741470337,7.005404271738737,2.2178702591317716,-1.1533425917153708,1.33359611189268,9.342379899029151,11.254375288051573,-13.418169021606445,-11.351790428161621,-7.6654744148254395,-4.144979476928711,-2.945970058441162,-0.9986429214477539,0.4299638867378235,1.492915391921997,3.584803819656372,3.146336555480957,0.03844128579295154,0.09983652257709251,12.102999687194824,21.85110092163086,31.481863021850586,63.28131866455078,87.22673034667969,196.4862518310547,164.59983825683594,397.7177429199219,253.43154907226562,641.7880859375,764.3272094726562,2173.722412109375,2378.234130859375,7559.6845703125,7611.27392578125,26829.0703125,84738.1171875,354669.96875,167998,167997,-2.6767373085021973,3.315413475036621,24.189056396484375,-3.3523671627044678,3.359306573867798,-32.74687576293945,203748.0,33.90814971923828,0.389032781124115,0.6742960810661316,23159.791015625,43232.14453125,65897.7265625,91415.09375,234392.828125,680723.125,2144945.5,23.799467086791992,0.125,4.481141394559251,20.750831604003906,2.2857000827789307,0.29916393756866455,0.2756291627883911,0.18774083256721497,train55.csv,0.055313708
581120,-0.049221813678741455,5.317906379699707,28.280126571655273,-30.80000114440918,24.41114616394043,55.21114730834961,30.80000114440918,5.318134307861328,4.473298072814941,5.7915049454231475,-0.4705621505499189,-0.5098764133932072,1.189573673035646,6.8894218103324185,7.796938915495092,-12.881733894348145,-10.346129417419434,-7.147368431091309,-4.0309600830078125,0.5764706134796143,4.460062026977539,5.929411888122559,7.095356464385986,8.764086723327637,8.491022109985352,0.028142208149779736,0.02817318281938326,28.280126571655273,28.282554626464844,77.26250457763672,77.36746215820312,220.8690185546875,221.56137084960938,422.9125671386719,424.76806640625,656.9515991210938,660.4214477539062,2022.957275390625,2038.466064453125,6420.4619140625,6485.74951171875,20923.697265625,21189.251953125,237953.78125,242119.078125,169186,169185,0.5658121109008789,5.234940052032471,24.41114616394043,-0.33512112498283386,5.325706958770752,-30.80000114440918,196029.0,30.713314056396484,0.5563642978668213,0.9391979575157166,43228.9453125,87500.671875,126547.5390625,166793.21875,362086.75,865514.0,2236401.25,19.1897029876709,0.125,9.02370824264935,14.765335083007812,3.0601491928100586,0.5544310808181763,0.520960807800293,0.2881384491920471,train56.csv,0.0400505
581120,-4.180756092071533,9.927059173583984,98.54650115966797,-54.74837875366211,32.71977233886719,87.4681510925293,54.74837875366211,10.771501541137695,7.589263916015625,5.082706300933644,0.37554915346180584,-0.16450657030520086,1.2830460754292572,6.521346371973076,7.78354826787323,-28.67205238342285,-21.8223934173584,-17.34949493408203,-9.921589851379395,-3.5863983631134033,1.5370278358459473,9.083983421325684,12.761795997619629,18.46266040801976,11.458617687225342,0.018944452092511013,0.01751617566079295,98.54650115966797,116.0252456665039,394.96832275390625,481.4248352050781,1660.22021484375,2108.806396484375,4004.69921875,5231.51123046875,7254.15185546875,9667.9228515625,32781.3515625,46112.953125,152814.78125,227889.3125,734149.125,1163700.0,18557964.0,33252760.0,166150,166150,-3.605529546737671,9.959580421447754,32.71977233886719,-4.529288291931152,9.931242942810059,-54.74837875366211,191397.0,32.87496566772461,0.5887795686721802,1.0280934572219849,50575.515625,149580.546875,251050.578125,366434.8125,1027390.8125,3143130.0,10203084.0,124.1275863647461,0.125,1.8572883317372477,119.62165832519531,3.243151903152466,0.4425678849220276,0.5562368631362915,0.2634705603122711,train57.csv,0.728839308
581120,-2.8718221187591553,3.113481283187866,9.693765640258789,-23.079866409301758,20.692476272583008,43.772342681884766,23.079866409301758,4.235696792602539,2.449673891067505,5.448894842899118,0.9312866028386217,-0.93262965579285,1.3504656749351887,7.358545451668363,9.07345449531784,-11.935882568359375,-9.00213623046875,-7.58628511428833,-4.593013286590576,-1.8973684310913086,-0.8429205417633057,0.16475747525691986,1.0236222743988037,2.677574872970581,3.7500927448272705,0.0387303827092511,0.03766003579295154,9.693765640258789,17.941125869750977,21.961210250854492,48.44082260131836,53.27134323120117,137.66978454589844,93.24811553955078,262.6628723144531,136.87069702148438,406.8324890136719,369.41943359375,1240.470947265625,1041.24951171875,3883.04931640625,3052.865478515625,12436.751953125,29292.130859375,135460.3125,171693,171692,-2.404348611831665,2.944462299346924,20.692476272583008,-3.118515968322754,3.0237386226654053,-23.079866409301758,200923.5,23.780351638793945,0.4348774552345276,0.7238591909408569,26319.576171875,44826.82421875,64846.53515625,86524.25,199238.171875,513527.5625,1420204.75,18.265005111694336,0.125,6.238282868890016,15.153142929077148,2.2293176651000977,0.31563055515289307,0.34616219997406006,0.2202710509300232,train58.csv,0.031759612
581120,-4.160113334655762,8.937520027160645,79.87926483154297,-36.68033218383789,25.170690536499023,61.851022720336914,36.68033218383789,9.85828685760498,6.083667278289795,3.7207612959180483,1.1277141926103136,-0.10021894239831404,1.2928705137492296,4.810462568192304,5.665368303756562,-27.45391082763672,-22.14765739440918,-14.103240966796875,-7.274840354919434,-4.115748405456543,-0.5399793386459351,8.903282165527344,13.571764945983887,16.28016471862793,6.7348610162734985,0.02117634911894273,0.06273575165198238,79.87926483154297,97.1858139038086,324.50616455078125,394.9703063964844,1371.227294921875,1705.720947265625,3299.463134765625,4198.0654296875,5951.029296875,7713.34033203125,26337.693359375,36122.4140625,118382.2265625,173790.453125,539102.9375,854047.1875,11566736.0,21641696.0,176300,176300,-3.7425436973571777,8.978083610534668,25.170690536499023,-4.566123962402344,8.970501899719238,-36.68033218383789,199971.5,18.67818260192871,0.5424640774726868,0.8088509440422058,32707.333984375,39129.78515625,48368.03125,57915.76953125,102155.140625,205209.125,451063.8125,32.21897506713867,0.125,4.134784091223409,29.68929672241211,1.1807172298431396,0.5744935274124146,0.45633167028427124,0.3173854947090149,train59.csv,0.09153768
581120,-0.5679753422737122,2.9962477684020996,8.977500915527344,-26.6752986907959,22.888002395629883,49.56330108642578,26.6752986907959,3.0496060848236084,2.256695508956909,8.747129284512189,2.0680263862229156,-1.2002404764321257,1.4177458096827487,12.401205889874484,15.43797218011106,-9.7403564453125,-6.696063041687012,-5.373751640319824,-1.7682198286056519,0.39169761538505554,1.2803250551223755,2.0328946113586426,2.80247163772583,5.098446846008301,3.0485448837280273,0.06654563601321586,0.056334319933920705,8.977500915527344,9.300097465515137,20.926517486572266,22.837574005126953,52.866188049316406,60.41824722290039,95.26300811767578,111.47886657714844,142.80087280273438,169.47543334960938,408.4602355957031,499.2894287109375,1228.9036865234375,1536.247314453125,3870.15869140625,4918.6826171875,43376.25390625,56214.6015625,171804,171803,-0.023768773302435875,2.804882764816284,22.888002395629883,-0.8323572278022766,2.8824641704559326,-26.6752986907959,200047.5,27.619731903076172,0.46312376856803894,0.7456086277961731,27803.212890625,44623.2578125,63841.42578125,84897.1171875,196399.796875,515816.5625,1467313.0,20.686317443847656,0.125,6.480228987610597,17.224443435668945,2.3591392040252686,0.4004749357700348,0.4290769696235657,0.2726680040359497,train60.csv,0.038279074
581120,-0.20088140666484833,8.723114967346191,76.09274291992188,-31.943286895751953,33.44523620605469,65.38852310180664,33.44523620605469,8.72542667388916,6.33305025100708,3.833077447792407,0.450939979260252,0.1674948776373913,1.3683998067035628,5.245182438639517,6.554267310853971,-18.27372932434082,-16.326404571533203,-14.25577449798584,-2.8694376945495605,-1.3642982244491577,4.486186504364014,10.45572280883789,17.394670486450195,21.837806701660156,7.355624198913574,0.011830602973568282,0.012752959801762115,76.09274291992188,76.13307189941406,292.8670654296875,292.693115234375,1169.3857421875,1167.8402099609375,2717.850341796875,2712.916259765625,4788.96044921875,4778.35107421875,19981.306640625,19910.404296875,84586.6796875,84128.109375,362310.65625,359468.125,6836626.5,6739512.5,171835,171835,0.11552067846059799,8.713797569274902,33.44523620605469,-0.606489896774292,8.708724021911621,-31.943286895751953,207383.0,34.04420852661133,0.4142304062843323,0.6656213402748108,22970.3515625,33662.7734375,48689.71875,66084.6328125,167709.28125,505737.125,1700273.875,21.041288375854492,0.125,5.162789655803825,18.863384246826172,1.2622239589691162,0.3750630021095276,0.31451964378356934,0.22558234632015228,train61.csv,0.103184684
581120,-2.077740430831909,3.457333564758301,11.953155517578125,-30.44293212890625,22.156160354614258,52.59909248352051,30.44293212890625,4.033628940582275,2.5782299041748047,7.547281263929078,1.4245504347593112,-1.1806359506292559,1.4997308717727846,11.318890709469565,15.275813852351668,-12.100640296936035,-9.791909217834473,-7.819071292877197,-3.252631664276123,-1.0842105150222778,0.004251806065440178,1.1862539052963257,2.151413679122925,3.8478844165802,3.2568834703415632,0.11161033865638767,0.0451042813876652,11.953155517578125,16.270160675048828,29.636260986328125,46.13481521606445,78.38813018798828,137.9202423095703,144.04649353027344,271.0409851074219,218.0496826171875,427.9341125488281,632.1705932617188,1365.91845703125,1900.65576171875,4463.4453125,5912.77490234375,14896.16015625,63388.34375,176366.65625,174925,174924,-1.5299785137176514,3.264145851135254,22.156160354614258,-2.367774248123169,3.341157913208008,-30.44293212890625,202319.5,31.73973274230957,0.5186477303504944,0.8115435838699341,33312.0546875,55998.50390625,81420.1953125,109491.25,261010.0,710047.125,2108200.5,19.110170364379883,0.125,7.48157126340018,15.420699119567871,2.5053811073303223,0.41046297550201416,0.4716320037841797,0.3013418912887573,train62.csv,0.046122257
581120,2.4753408432006836,2.9379935264587402,8.631805419921875,-14.962104797363281,22.458038330078125,37.420143127441406,22.458038330078125,3.8417599201202393,2.1999566555023193,5.84576829292586,1.356823252320905,0.24236304569772238,1.2623672119851845,7.379506221854131,8.636738989968082,-4.604705810546875,-1.9685862064361572,-0.9949226379394531,0.7610732913017273,2.25770902633667,4.090237140655518,6.296924591064453,7.712775707244873,10.123550415039062,3.3291638493537903,0.03507020925110132,0.06736130231277533,8.631805419921875,14.759119033813477,19.47397804260254,36.37261199951172,46.99692916870117,94.88758087158203,82.05648040771484,172.67723083496094,120.3041000366211,259.6526184082031,324.6184387207031,740.3584594726562,918.5838012695312,2189.2744140625,2713.536865234375,6691.34521484375,26493.294921875,68417.65625,174979,174980,2.8199594020843506,2.8590049743652344,22.458038330078125,2.109781265258789,2.837918758392334,-14.962104797363281,202611.5,20.28961753845215,0.4303972125053406,0.7032409310340881,25050.267578125,42233.30078125,59990.71875,78387.9140625,166240.09375,381726.375,922465.1875,34.9708137512207,0.125,3.4350323620105607,32.1074333190918,1.998157262802124,0.277740478515625,0.3858194053173065,0.20130600035190582,train63.csv,0.03208265
581120,4.590357303619385,6.662994384765625,44.3954963684082,-27.40235710144043,51.98311233520508,79.38546943664551,51.98311233520508,8.09115982055664,5.039571762084961,6.424679957887967,0.1719238550537634,0.2857591701292865,1.2664288062607474,8.136399769676414,9.440983077502649,-9.476744651794434,-6.4196953773498535,-4.684958457946777,1.6842466592788696,3.5295302867889404,8.669963836669922,13.474504470825195,17.632770538330078,20.711078643798828,6.985717177391052,0.01147267345814978,0.030232998348017622,44.3954963684082,65.46687316894531,145.27227783203125,234.37281799316406,494.55169677734375,881.8349609375,1047.0611572265625,1989.6295166015625,1735.9061279296875,3445.052001953125,6251.7353515625,13860.6650390625,23047.591796875,57126.25,86942.0234375,240394.015625,1335344.375,4506726.0,165206,165207,4.997790336608887,6.595263957977295,51.98311233520508,4.059023857116699,6.5670952796936035,-27.40235710144043,194194.0,52.692630767822266,0.5669608116149902,1.0582739114761353,54371.58203125,175749.90625,298437.75,439505.53125,1281837.875,4242505.0,15607801.0,53.38130187988281,0.125,4.253283075285964,47.35272216796875,4.75173282623291,0.542117714881897,0.43908780813217163,0.2950180172920227,train64.csv,0.280285955
